GalaxyID,FASHIID,ra_h1,dec_h1,d_p,logM,SFR,z_a,W50,S_bf,logMh1,z_h1,type
J132921-004647,20230004551,202.3394,-0.7762,186.3864418,9.008,-0.947474599,0.016448788,175.37,2388.98,9.38,0.016406466666666664,S+S
J032531-060744,20230000840,51.378,-6.1353,160.0615047,10.575,0.691,0.034810785,158.05,747.74,9.54,0.03465413333333333,S+S
J122251-033121,20230002427,185.7376,-3.5118,93.03847156,11.142,0.387,0.071248285,44.65,1134.83,10.3,0.0712431,S+S
J110408+640447,20230041499,165.976,64.0417,115.4146807,9.815,-1.236255288,0.032257892,216.14,1338.07,9.74,0.0322358,S+S
J081526+453531,20230027469,123.8721,45.6356,107.6505578,10.867,0.348,0.051000766,320.55,3317.12,10.48,0.050553266666666666,S+E
J082759+493325,20230031342,127.0019,49.5646,156.2306291,9.993,0.077,0.053192519,240.7,762.73,9.89,0.053261800000000005,S+S
J080703+454035,20230027566,121.7399,45.702,79.17604545,10.834,0.169,0.049376044,207.81,930.27,9.93,0.049552033333333335,S+S
J090531+560126,20230037727,136.3836,56.0207,98.53396278,9.706,-0.360104471,0.025446936,143.33,3458.98,9.97,0.025435,S+E
J101118+600045,20230040354,152.82,60.0185,184.89191,8.952,-0.869422555,0.022167167,191.76,892.46,9.27,0.022164633333333333,S+S
J094608+583149,20230039386,146.5073,58.5284,51.6011679,9.386,-0.003071655,0.029942462,315.92,3244.36,10.08,0.029915266666666666,S+S
J094608+583149,20230039386,146.5073,58.5284,51.6011679,9.771,-0.377533048,0.030161209,315.92,3244.36,10.08,0.029915266666666666,S+S
J081602+455853,20230027996,124.0022,46.0025,183.9197043,10.671,-0.865337372,0.043895788,53.88,511.11,9.57,0.0439869,S+S
J135557+625731,20230064046,209.0416,62.9989,192.9916662,9.79,0.322,0.044222206,121.59,667.22,9.63,0.0410909,S+S
J090717+560005,20230037695,136.8346,56.0052,45.09257386,10.421,0.481,0.045224208,268.39,1354.64,10.02,0.04529576666666667,S+S
J090717+560005,20230037695,136.8346,56.0052,45.09257386,10.315,0.045,0.045338098,268.39,1354.64,10.02,0.04529576666666667,S+S
J083434+521309,20230033614,128.6273,52.2298,61.44401091,10.08760166,0.789420784,0.082312241,120.41,1068.23,10.4,0.0822546,S+E
J074438+402158,20230020445,116.1678,40.3762,53.69011669,10.054,-1.042307615,0.019823628,148.73,4218.12,9.82,0.019805766666666665,S+S
J074658+410628,20230021828,116.7241,41.1371,163.3533806,11.023,0.296,0.085902289,152.15,921.15,10.37,0.08584393333333333,S+S
J075155+425119,20230024394,117.9587,42.8473,141.863622,10.199,0.159,0.03178947,294.89,860.52,9.55,0.0317303,S+S
J082956+515824,20230033391,127.4723,51.9641,123.9967917,9.3,-0.538439095,0.017422777,193.78,5287.71,9.81,0.017362233333333334,S+S
J075525+452621,20230027206,118.8524,45.4337,46.68579041,9.831,0.342,0.050703999,164.34,1366.69,10.1,0.05054773333333333,S+S
J075525+452621,20230027206,118.8524,45.4337,46.68579041,9.51,0.025,0.050567325,164.34,1366.69,10.1,0.05054773333333333,S+S
J091445+594334,20230040198,138.6892,59.7267,180.0058588,8.601,-1.163323641,0.013836349,99.21,1217.58,9.02,0.013871466666666665,S+S
J100436+642913,20230064245,151.155,64.4739,62.14240912,10.256,0.034,0.040339708,278.72,1159.96,9.86,0.0403439,S+E
J171041+631046,20230064080,257.6738,63.1539,82.24204102,9.614,0.048271079,0.027076762,147.35,891.77,9.39,0.027099433333333332,S+E
J080616+461719,20230028368,121.6139,46.3124,68.43361351,9.641,-0.34946987,0.035447605,76.35,899.58,9.65,0.035403333333333335,S+S
J075445+461312,20230028268,118.6891,46.2158,123.5672215,9.905,-0.387084931,0.022227922,136.52,1168.64,9.38,0.0222372,S+S
J152544+592109,20230039964,231.4372,59.3518,160.2960073,10.557,0.28,0.045269657,44.97,1020.19,9.89,0.045230566666666666,S+S
J145611+625000,20230064018,224.0002,62.8417,118.417572,10.06,-0.057877559,0.042813383,92.4,866.12,9.77,0.0427023,S+S
J164401+425232,20230024421,250.9964,42.8699,187.8848673,9.307,-0.501237631,0.027769471,55.3,1425.5,9.56,0.027770933333333334,S+S
J102905+590712,20230039806,157.2766,59.119,70.37599007,9.515,-0.14782618,0.024041859,148.21,1847.03,9.64,0.023979866666666665,S+S
J090309+521018,20230033563,135.7862,52.1741,188.9413196,10.54,0.236,0.067024179,42.7,559.07,9.95,0.06699870000000001,S+E
J080531+393246,20230019171,121.3804,39.5483,129.4609732,10.514,0.032,0.03995695,338.02,1854.96,10.06,0.039977099999999995,S+E
J082826+463748,20230028704,127.1063,46.6167,164.3502838,10.044,0.042,0.050904114,235.29,753.42,9.84,0.05085686666666667,S+S
J082827+471630,20230029275,127.132,47.2714,46.80484238,10.237,0.454,0.052488375,332.31,2507.56,10.4,0.053051433333333335,S+S
J082827+471630,20230029275,127.132,47.2714,46.80484238,10.61,0.022,0.053049598,332.31,2507.56,10.4,0.053051433333333335,S+S
J114336+640000,20230041487,175.9128,64.0057,53.58777572,10.322,0.074,0.046268303,122.79,1488.63,10.07,0.046213366666666665,S+S
J114336+640000,20230041487,175.9128,64.0057,53.58777572,10.767,-1.030479431,0.046810631,122.79,1488.63,10.07,0.046213366666666665,S+S
J090553+484913,20230030700,136.47,48.8264,32.85148479,10.37457657,0.420000166,0.039328102,167.38,816.02,9.69,0.0393721,S+E
J080305+372541,20230054649,120.7668,37.428,181.7866574,10.536,0.203,0.034555029,337.5,1024.65,9.7,0.034543866666666666,S+E
J082152+415144,20230022726,125.4579,41.8787,30.09381924,10.51,0.37,0.038066942,236.82,1668.56,9.97,0.03796773333333333,S+S
J082152+415144,20230022726,125.4579,41.8787,30.09381924,10.538,1.084,0.038059812,236.82,1668.56,9.97,0.03796773333333333,S+S
J082342+420804,20230023150,125.9223,42.1392,172.7447852,10.609,0.002,0.037422609,352.7,2814.73,10.19,0.03742176666666667,S+S
J080742+394901,20230019663,121.9228,39.8095,18.59688931,10.925,0.992,0.068416201,246.25,1111.92,10.26,0.06839340000000001,S+S
J090033+493705,20230031401,135.1224,49.6346,64.69960073,9.683,0.225,0.037686124,270.41,1794.39,10.01,0.0378514,S+S
J090033+493705,20230031401,135.1224,49.6346,64.69960073,10.054,0.313,0.038000625,270.41,1794.39,10.01,0.0378514,S+S
J104854-004233,20230004640,162.2341,-0.7014,40.6638239,9.8,-0.216276854,0.026037091,226.49,2338.35,9.83,0.02600943333333333,S+S
J104854-004233,20230004640,162.2341,-0.7014,40.6638239,9.75,-0.698979378,0.02611633,226.49,2338.35,9.83,0.02600943333333333,S+S
J152246+592109,20230039980,230.7303,59.378,161.758486,10.712,0.581,0.075980753,269.13,1227.97,10.4,0.0761291,S+S
J111244+580648,20230057064,168.1879,58.0937,183.6973516,9.546,-0.541575849,0.032059081,199.78,765.25,9.5,0.0321144,S+S
J132955+583018,20230039364,202.5022,58.4852,64.83428247,10.707,0.326,0.063436709,342.54,2460.02,10.54,0.06300023333333334,S+E
J100721+553009,20230037223,151.8434,55.4957,16.07259003,9.474,-0.034074537,0.03254427,185.91,954.02,9.61,0.03258683333333333,S+S
J101439+561010,20230056735,153.672,56.1608,31.78691298,9.715,-0.04423504,0.026960311,193.61,908.07,9.43,0.0269571,S+S
J125423+604429,20230040779,193.6119,60.7499,70.78709224,9.967,0.209,0.058371,180.89,977.1,10.08,0.05838259999999999,S+S
J164240+401008,20230020179,250.6665,40.1647,108.7561753,10.609,-0.876285732,0.032454025,436.94,1116.06,9.6,0.03240116666666667,S+E
J154246+531905,20230034868,235.6983,53.3212,186.6012562,9.525,0.427,0.041449733,84.65,2143.34,10.13,0.041126666666666666,S+S
J171140+323354,20230009092,257.9137,32.5654,129.6742191,10.177,0.243,0.036526162,234.99,2089.49,10.01,0.03657506666666667,S+S
J161721+425323,20230024456,244.3241,42.8901,115.2727537,10.272,0.173,0.059122711,174.46,665.64,9.92,0.05898676666666666,S+S
J123223+624319,20230063989,188.1035,62.7092,124.6515874,9.386419296,0.185638532,0.034599859,58.74,1067.32,9.69,0.0346156,S+S
J163215+405130,20230055200,248.0677,40.8562,112.4443837,9.267,-0.817768395,0.029431332,109.73,587.38,9.21,0.02939116666666667,S+S
J163727+393250,20230019167,249.3699,39.5465,126.8433385,9.65,-0.183828279,0.031434603,212.05,999.33,9.51,0.0314634,S+S
J170039+324534,20230009289,255.1687,32.7152,79.29145913,9.924,-0.022485904,0.036751401,128.1,695.19,9.55,0.0371065,S+E
J164115+391724,20230018619,250.3101,39.2876,83.42282083,9.692584991,-0.114168897,0.030542297,132.24,3984.66,10.07,0.030490866666666668,S+S
J164324+392059,20230018720,250.857,39.3317,29.67013014,8.98,-0.084361985,0.030751329,186.99,3401.14,10.01,0.03062786666666667,S+S
J164324+392059,20230018720,250.857,39.3317,29.67013014,9.34,-0.246346548,0.030603835,186.99,3401.14,10.01,0.03062786666666667,S+S
J113921+623432,20230063973,174.9113,62.6,72.43787729,10.55,0.236,0.032955814,387.09,9302.99,10.59,0.03281546666666667,S+S
J113921+623432,20230063973,174.9113,62.6,72.43787729,10.608,0.204,0.032767262,387.09,9302.99,10.59,0.03281546666666667,S+S
J133402+614340,20230063905,203.5015,61.7234,61.55139763,10.391,0.261,0.031180089,249.75,1366.31,9.7,0.031161633333333334,S+E
J133854-014640,20230003882,204.7219,-1.7768,98.40239013,9.521,-0.535198331,0.022287924,55.94,1617.47,9.45,0.02224953333333333,S+S
J135012-022611,20230003319,207.5478,-2.4288,34.54707801,9.214,-0.498184353,0.023830684,431.84,4313.04,9.97,0.02422493333333333,S+S
J135012-022611,20230003319,207.5478,-2.4288,34.54707801,9.615,-0.647443295,0.02409509,431.84,4313.04,9.97,0.02422493333333333,S+S
J140243-022004,20230003377,210.6815,-2.3313,50.13762925,9.133,-0.631445825,0.024357915,275.37,2069.8,9.63,0.024485,S+S
J140243-022004,20230003377,210.6815,-2.3313,50.13762925,9.059,-0.992214501,0.024877854,275.37,2069.8,9.63,0.024485,S+S
J143514-020500,20230050650,218.7909,-2.0665,83.0250954,9.813,0.148,0.050452307,212.3,1885.0,10.24,0.050670266666666665,S+S
J143514-020500,20230050650,218.7909,-2.0665,83.0250954,9.561,-0.031684309,0.050931092,212.3,1885.0,10.24,0.050670266666666665,S+S
J144728-013802,20230003979,221.8714,-1.6375,49.94457795,10.89,0.65,0.042645026,363.23,3707.49,10.42,0.042842566666666665,S+S
J144728-013802,20230003979,221.8714,-1.6375,49.94457795,10.838,0.074,0.042836249,363.23,3707.49,10.42,0.042842566666666665,S+S
J163926+403609,20230020889,249.8531,40.602,157.5605078,9.801,-0.03795315,0.03472729,230.36,1057.86,9.68,0.03477796666666667,S+S
J171853+301136,20230060670,259.7123,30.1837,20.98708721,9.1,0.133,0.014822611,180.07,2769.68,9.35,0.014875499999999998,S+S
J171853+301136,20230060670,259.7123,30.1837,20.98708721,8.777,-1.091268063,0.014767744,180.07,2769.68,9.35,0.014875499999999998,S+S
J151038-022922,20230003273,227.6627,-2.4889,39.88083514,9.82,0.186,0.037352379,200.6,1687.77,9.95,0.03711943333333333,S+S
J031749-003316,20230051728,49.4992,-0.5382,60.41684264,9.882,-0.132684857,0.021016695,285.08,1968.62,9.46,0.020987866666666667,S+S
J032249-003644,20230004689,50.7009,-0.6215,17.7364213,10.076,0.054,0.035312206,211.17,961.24,9.67,0.03530866666666667,S+S
J085103+401909,20230020371,132.7596,40.3156,150.1537554,9.81,-0.131850138,0.024240034,183.15,609.8,9.18,0.024300033333333335,S+S
J101937+534202,20230035328,154.9684,53.695,102.9157316,10.24,-0.354779333,0.047235016,164.39,2206.68,10.28,0.047605400000000006,S+S
J101937+534202,20230035328,154.9684,53.695,102.9157316,10.006,0.215,0.047595479,164.39,2206.68,10.28,0.047605400000000006,S+S
J100836+492638,20230031250,152.1466,49.449,160.5935553,9.991,0.02100008,0.050957799,124.68,1270.08,10.07,0.050916133333333335,S+S
J095358+493759,20230051475,148.4829,49.6384,10.33852707,9.724925995,0.052227899,0.053949561,237.11,1058.46,10.04,0.0539749,S+S
J091251+434006,20230025384,138.2007,43.6581,131.9334369,10.08361912,0.216970578,0.060374841,145.49,1329.71,10.23,0.0601897,S+S
J091251+434006,20230025384,138.2007,43.6581,131.9334369,10.43717861,0.451337725,0.059953455,145.49,1329.71,10.23,0.0601897,S+S
J083445+382031,20230017232,128.67,38.3596,53.28553889,10.275,0.775,0.040192634,209.62,3194.82,10.31,0.04081566666666667,S+S
J083445+382031,20230017232,128.67,38.3596,53.28553889,10.44,0.725,0.040759351,209.62,3194.82,10.31,0.04081566666666667,S+S
J075943+312712,20230007473,119.935,31.4883,70.45307338,9.51,-0.372006476,0.04409007,403.98,2664.72,10.3,0.04457543333333333,S+S
J075943+312712,20230007473,119.935,31.4883,70.45307338,9.947,0.002392956,0.044929724,403.98,2664.72,10.3,0.04457543333333333,S+S
J084118+395352,20230019773,130.3006,39.8971,161.7824457,10.187,0.51,0.057012197,150.71,689.48,9.9,0.0569134,S+S
J094833+472203,20230029372,147.1405,47.3657,53.8491843,10.673,-0.568055332,0.032550421,155.46,1266.84,9.75,0.032577966666666666,S+S
J094833+472203,20230029372,147.1405,47.3657,53.8491843,10.715,0.298,0.032323562,155.46,1266.84,9.75,0.032577966666666666,S+S
J114431+534058,20230035310,176.1202,53.6818,35.54873141,10.16172409,-0.073764712,0.026589578,155.22,2360.34,9.85,0.027095266666666666,S+E
J120219+535921,20230050591,180.5678,53.9723,192.967257,10.61672974,-0.099038363,0.063847199,383.98,1582.38,10.36,0.0639311,S+S
J122314+545804,20230036731,185.802,54.9725,146.9589655,9.61105442,-0.059999753,0.033589505,194.72,1177.28,9.72,0.033644433333333335,S+S
J122016+554305,20230037487,185.1007,55.728,32.75573491,9.78,0.06,0.030510817,233.84,1490.3,9.75,0.030837633333333336,S+S
J122016+554305,20230037487,185.1007,55.728,32.75573491,9.424,-0.172475532,0.030924028,233.84,1490.3,9.75,0.030837633333333336,S+S
J083124+391104,20230018453,127.8523,39.1833,110.0480632,9.339,-0.304954678,0.030148176,184.03,1074.6,9.62,0.030159466666666666,S+S
J083320+392520,20230018940,128.339,39.4358,121.4296573,9.064,-0.551890969,0.029839829,158.03,802.43,9.48,0.029842766666666666,S+S
J075420+324628,20230009372,118.5754,32.771,150.6299215,9.301,-0.503068566,0.017741462,216.86,2530.55,9.51,0.017692466666666667,S+S
J090729+454810,20230027659,136.8496,45.7704,71.95207601,10.763,-0.041447133,0.040436093,310.9,1347.05,9.92,0.03957633333333333,S+S
J090729+454810,20230027659,136.8496,45.7704,71.95207601,10.391,-0.220396996,0.039567668,310.9,1347.05,9.92,0.03957633333333333,S+S
J081757+374510,20230016300,124.5121,37.7607,66.27095807,9.627,-0.351048857,0.041415766,223.94,1261.42,9.92,0.04145053333333333,S+S
J081757+374510,20230016300,124.5121,37.7607,66.27095807,9.351,-0.243478239,0.041482568,223.94,1261.42,9.92,0.04145053333333333,S+S
J081121+365649,20230014951,122.8358,36.9497,137.6732069,9.823,-0.248270437,0.029868124,255.67,875.18,9.52,0.02989896666666667,S+S
J090059+463320,20230028633,135.2379,46.5592,168.7634255,10.284,-0.084330834,0.040189635,227.85,1098.29,9.84,0.04019813333333334,S+S
J100739+460926,20230055853,151.9119,46.1555,81.46743497,10.225,0.103,0.024698343,265.38,1549.2,9.6,0.0246874,S+E
J112718+505713,20230032489,171.8209,50.9579,139.6544888,9.213,-0.824932039,0.033708066,128.19,577.99,9.42,0.033727966666666664,S+S
J085723+391602,20230018591,134.3394,39.2639,187.8487299,9.692,-0.255305022,0.028451394,109.7,1160.77,9.61,0.028459433333333332,S+S
J094754+452806,20230027242,146.9787,45.473,176.5628489,8.983,-0.933386505,0.015331191,187.72,1215.56,9.08,0.015344,S+S
J102443+482439,20230030335,156.1896,48.436,38.110414,9.61,-0.300900608,0.02513399,167.38,2093.73,9.75,0.0252176,S+S
J102443+482439,20230030335,156.1896,48.436,38.110414,9.338,-0.13333337,0.025258815,167.38,2093.73,9.75,0.0252176,S+S
J103316+490156,20230030847,158.321,49.0273,41.06734255,10.052,0.028,0.04521168,234.57,1166.51,9.96,0.0451439,S+E
J080443+295603,20230060471,121.1721,29.9611,87.4190611,9.41,-0.320402801,0.034982592,203.56,1157.36,9.76,0.034841500000000004,S+S
J080443+295603,20230060471,121.1721,29.9611,87.4190611,9.393,-0.36552158,0.03468005,203.56,1157.36,9.76,0.034841500000000004,S+S
J081949+330536,20230050143,124.9535,33.0889,117.0831287,10.78604698,0.407857269,0.062334865,56.57,882.96,10.08,0.06228463333333333,S+E
J084411+373620,20230016087,131.0459,37.6056,166.4297638,9.664,-1.739416122,0.026274025,184.94,1611.05,9.67,0.026260166666666668,S+E
J084758+385012,20230017900,131.9925,38.8138,107.6157266,8.753,-0.829043925,0.027458929,164.0,1014.52,9.52,0.027585066666666668,S+S
J085129+391355,20230018548,132.8625,39.2352,150.6318288,9.351,-0.402574599,0.029104479,141.73,825.26,9.48,0.029174066666666665,S+S
J091723+430012,20230024612,139.3519,42.9983,117.7445113,10.59795189,0.538079619,0.062708624,77.01,1703.23,10.37,0.06255666666666666,S+S
J091723+430012,20230024612,139.3519,42.9983,117.7445113,10.60006428,0.298360854,0.061855379,77.01,1703.23,10.37,0.06255666666666666,S+S
J100409+530327,20230034552,151.038,53.0465,64.21989308,9.67,-0.034296285,0.040057886,186.76,1715.16,10.03,0.040166766666666666,S+S
J100409+530327,20230034552,151.038,53.0465,64.21989308,9.49,-1.206818223,0.040333651,186.76,1715.16,10.03,0.040166766666666666,S+S
J094759+515239,20230033311,146.9944,51.878,70.80668372,10.311,0.449,0.047393933,84.1,1380.72,10.07,0.04733436666666666,S+S
J095236+521318,20230033605,148.153,52.2215,195.622343,10.693,0.727,0.039175414,334.27,1357.91,9.91,0.03912296666666666,S+S
J100009+532918,20230035077,150.0393,53.4925,78.24338657,9.459,-0.382692337,0.039131921,35.33,1076.67,9.81,0.039000233333333335,S+S
J100009+532918,20230035077,150.0393,53.4925,78.24338657,9.403,-0.343166173,0.039266124,35.33,1076.67,9.81,0.039000233333333335,S+S
J091504+415949,20230022949,138.7677,42.0111,42.69724968,10.721,-1.108124852,0.02791973,99.2,2406.61,9.91,0.027954899999999998,S+S
J091504+415949,20230022949,138.7677,42.0111,42.69724968,10.326,0.97,0.027897362,99.2,2406.61,9.91,0.027954899999999998,S+S
J101252+471612,20230029292,153.2139,47.2867,48.98703394,9.756,0.076,0.039536059,326.19,1202.96,9.86,0.039034433333333333,S+S
J120749+522051,20230033708,182.0249,52.3416,130.4758668,11.116,0.59,0.062104866,342.8,2569.52,10.55,0.06222143333333333,S+E
J102559+494252,20230031475,156.5323,49.7267,90.91394347,9.705,0.007328633,0.04301545,247.95,816.24,9.77,0.04310403333333333,S+S
J115055+530156,20230034579,177.7149,53.0634,114.2966805,10.71820545,0.611037195,0.06646762,114.83,1137.97,10.25,0.06651843333333333,S+S
J123005+531210,20230034764,187.5419,53.2017,96.84026521,9.201,-0.432422727,0.040653452,177.93,1310.22,9.92,0.04060046666666667,S+S
J123005+531210,20230034764,187.5419,53.2017,96.84026521,9.537,-0.782596469,0.040370952,177.93,1310.22,9.92,0.04060046666666667,S+S
J115056+532221,20230034916,177.737,53.3883,26.45575056,9.706039429,-0.268855125,0.032378051,188.09,2287.55,9.99,0.032564166666666665,S+S
J115056+532221,20230034916,177.737,53.3883,26.45575056,9.363668442,-0.212578475,0.032603242,188.09,2287.55,9.99,0.032564166666666665,S+S
J090738+374020,20230016197,136.9095,37.6776,110.0867125,9.298,-0.37520662,0.023233553,197.75,1395.32,9.49,0.0232111,S+S
J091041+383716,20230050971,137.6634,38.6361,46.62951371,10.541,0.31,0.047022551,263.59,1308.53,10.04,0.04692533333333333,S+S
J100152+442838,20230026338,150.476,44.4738,160.7976727,9.7,0.224,0.033137802,112.53,1743.8,9.9,0.03306743333333333,S+S
J082850+315701,20230008076,127.2064,31.9178,149.9205297,10.214,0.515,0.062126093,109.5,527.58,9.85,0.06203153333333333,S+S
J130438+483211,20230030433,196.1552,48.5366,30.52316871,9.619,-0.00879513,0.035588507,101.35,1131.67,9.75,0.035468400000000004,S+S
J111555+481554,20230030159,168.954,48.2777,70.85174201,9.088,-0.962033749,0.025479373,162.26,1225.78,9.52,0.025437599999999998,S+S
J125617+490756,20230030956,194.0744,49.1183,195.7702668,9.397,-0.256402403,0.030743394,155.89,913.99,9.53,0.030696800000000003,S+S
J140538+462328,20230028469,211.4234,46.4306,120.9786017,11.108,0.426,0.067405395,99.04,948.06,10.18,0.067329,S+E
J145043+424602,20230024226,222.6668,42.7435,26.92350299,9.609,-0.303434074,0.01848381,269.82,10517.6,10.16,0.0181869,S+S
J145043+424602,20230024226,222.6668,42.7435,26.92350299,9.171,-0.891562581,0.018187124,269.82,10517.6,10.16,0.0181869,S+S
J092736+412113,20230022113,141.8956,41.3516,181.153063,9.064,-0.61535871,0.033428386,80.35,648.56,9.48,0.0334561,S+S
J121919+502354,20230032006,184.8314,50.3943,96.85079245,9.212,-0.599348426,0.029835062,167.99,879.05,9.5,0.029759866666666662,S+S
J131222+493516,20230051374,198.0676,49.6111,87.18123165,10.403,0.635,0.05472599,314.74,1106.77,10.07,0.05454366666666667,S+S
J101659+463036,20230028551,154.2418,46.4987,28.53319486,9.078,-0.460954309,0.030446215,127.07,1010.41,9.6,0.0304372,S+S
J115232+502726,20230032054,178.1245,50.4483,160.1008589,10.683,0.198,0.032635529,138.13,2259.12,9.99,0.03264683333333333,S+E
J130828+500012,20230051379,197.1279,50.0025,124.9178232,9.958,0.19,0.047861353,257.15,583.5,9.7,0.04781323333333333,S+S
J121407+511349,20230032699,183.54,51.232,114.8874224,9.576,-0.546761632,0.027174033,189.62,530.43,9.19,0.027070399999999998,S+S
J115218+585657,20230039701,178.0572,58.9585,67.40171645,9.951,0.488,0.046216745,82.21,978.23,9.9,0.046165566666666664,S+S
J131739+590252,20230039764,199.4171,59.0558,41.1772954,9.159,-0.52958101,0.027756363,196.63,3703.77,10.05,0.0278728,S+S
J131739+590252,20230039764,199.4171,59.0558,41.1772954,9.329,-0.341742992,0.028008856,196.63,3703.77,10.05,0.0278728,S+S
J130307+601458,20230040520,195.769,60.2392,161.0962353,10.632,0.497,0.060365938,130.91,532.36,9.84,0.0603572,S+E
J130531+601010,20230040462,196.3955,60.1696,35.80436426,10.363,0.186,0.060237896,228.41,1061.34,10.14,0.06020506666666667,S+S
J111157+482649,20230030343,167.9867,48.4459,103.9191083,8.837,-0.687589407,0.026232254,164.49,841.62,9.38,0.026158933333333335,S+S
J120602+502457,20230032025,181.5206,50.4106,184.9834521,9.005,-0.79731679,0.023470115,175.35,623.74,9.15,0.02345686666666667,S+S
J120639+502408,20230032015,181.679,50.4028,149.5881812,10.373,0.684,0.062701069,287.06,618.05,9.94,0.0627419,S+S
J101842+493713,20230031387,154.6798,49.6204,21.42611389,9.819,0.082671963,0.054103896,237.37,2599.98,10.43,0.053814966666666665,S+S
J101842+493713,20230031387,154.6798,49.6204,21.42611389,10.114,0.505,0.053536974,237.37,2599.98,10.43,0.053814966666666665,S+S
J115651+533928,20230035281,179.2197,53.6566,66.54268895,9.524702072,0.255072474,0.051766697,110.63,1351.55,10.12,0.05178793333333333,S+S
J115651+533928,20230035281,179.2197,53.6566,66.54268895,9.830006599,-0.054968677,0.051890519,110.63,1351.55,10.12,0.05178793333333333,S+S
J130837+540427,20230063318,197.1533,54.0746,64.42238457,8.912946701,-0.707731783,0.008212068,202.52,12819.2,9.65,0.008227266666666667,S+S
J131045+532024,20230034875,197.7027,53.3296,123.6019069,9.565,-0.20124051,0.029084258,118.68,803.63,9.42,0.029243866666666667,S+S
J131901+533837,20230056412,199.7587,53.6332,7.958278553,8.927348137,-0.534987986,0.032507874,171.2,1813.03,9.87,0.032528499999999995,S+S
J131901+533837,20230056412,199.7587,53.6332,7.958278553,8.744244576,-0.536223054,0.032550782,171.2,1813.03,9.87,0.032528499999999995,S+S
J152056+454305,20230055858,230.2407,45.7198,5.095887259,9.865,0.57,0.027123034,145.74,1078.49,9.45,0.027259933333333333,S+S
J135507+565339,20230063600,208.7973,56.8974,32.77474429,10.598,0.16,0.054116447,35.3,673.1,9.85,0.054131566666666665,S+E
J140937+560448,20230063478,212.4431,56.0902,62.91296803,8.999119759,-0.788292468,0.02962763,212.72,1308.13,9.64,0.0296678,S+S
J140937+560448,20230063478,212.4431,56.0902,62.91296803,8.913183212,-0.501830995,0.02979804,212.72,1308.13,9.64,0.0296678,S+S
J141906+562901,20230038032,214.7899,56.4881,53.23574547,9.606,-0.194520384,0.029302305,216.3,2159.34,9.85,0.029438333333333334,S+S
J150721+524755,20230034245,226.7748,52.7894,80.85959229,9.64,-0.144285783,0.037474819,216.56,1090.38,9.76,0.03751363333333333,S+S
J162139+360943,20230013543,245.3992,36.1579,25.10048078,9.328,-0.42774719,0.028305294,127.64,998.14,9.4,0.0283481,S+S
J151643+473127,20230029526,229.1719,47.5241,38.10691189,9.059,-0.605608523,0.028896617,199.62,1556.16,9.66,0.02901096666666667,S+S
J151643+473127,20230029526,229.1719,47.5241,38.10691189,9.332,-0.653653026,0.0292158,199.62,1556.16,9.66,0.02901096666666667,S+S
J155710+413236,20230022334,239.3402,41.5353,74.9054307,9.579,0.222,0.034450021,121.8,1772.68,9.89,0.03438033333333333,S+S
J155710+413236,20230022334,239.3402,41.5353,74.9054307,9.869,0.438,0.034407094,121.8,1772.68,9.89,0.03438033333333333,S+S
J161324+381617,20230017024,243.3603,38.2436,58.71461894,9.54,-0.409689963,0.042614117,205.48,3441.29,10.37,0.0424146,S+S
J161324+381617,20230017024,243.3603,38.2436,58.71461894,9.978,-0.099999905,0.04240353,205.48,3441.29,10.37,0.0424146,S+S
J155957+412840,20230062090,239.9782,41.489,33.69625291,10.928,-0.891258776,0.033250887,246.32,1193.94,9.68,0.033196866666666665,S+E
J164614+312829,20230007409,251.5976,31.4517,114.5981614,10.048,-0.306010664,0.050537094,82.43,684.86,9.8,0.050494033333333334,S+E
J153812+461125,20230028209,234.5467,46.1873,198.4810923,9.166,-0.296453625,0.037510723,121.31,692.56,9.57,0.0374989,S+S
J144304+532551,20230034947,220.7535,53.4117,65.71627029,9.047352791,-0.450594038,0.037979566,176.93,1129.79,9.79,0.03806506666666667,S+S
J144304+532551,20230034947,220.7535,53.4117,65.71627029,9.129897118,-0.400127649,0.038119905,176.93,1129.79,9.79,0.03806506666666667,S+S
J145146+523510,20230033986,222.9499,52.5823,19.79591904,10.01796341,0.539512336,0.065232202,132.44,1376.9,10.32,0.06537639999999999,S+S
J163716+355844,20230054589,249.3082,35.9762,192.9617714,10.191,0.467,0.037610821,226.4,2052.84,10.05,0.03759653333333333,S+S
J161741+405601,20230021541,244.4209,40.9294,167.5454334,10.983,0.626,0.062094789,264.07,1409.16,10.29,0.0620334,S+S
J162619+390656,20230050855,246.5942,39.0784,97.29631192,10.302,0.11,0.05484261,205.8,955.77,10.02,0.05481136666666667,S+S
J162831+390611,20230018320,247.1591,39.0869,71.91302723,9.617,-0.631250024,0.033394396,150.92,1909.04,9.77,0.031014066666666666,S+S
J103438+432057,20230055673,158.662,43.3445,126.0820038,8.76099205,-0.65913707,0.028792311,111.37,728.91,9.41,0.028859633333333332,S+S
J120204+462349,20230028434,180.5128,46.3949,113.4504441,9.649,-0.307985842,0.043637339,233.89,762.99,9.75,0.043542000000000004,S+S
J095010+402442,20230020510,147.5538,40.4137,141.6949051,9.844,0.07,0.047323983,213.37,1974.42,10.23,0.04729303333333333,S+S
J083548+311021,20230007104,128.9491,31.1793,122.6035373,9.967,0.235,0.071572758,82.49,1413.89,10.4,0.07142023333333333,S+S
J083548+311021,20230007104,128.9491,31.1793,122.6035373,10.264,0.09,0.071303941,82.49,1413.89,10.4,0.07142023333333333,S+S
J084409+323632,20230009136,131.0111,32.6014,176.3119135,10.054,0.526,0.066607244,75.52,708.92,10.04,0.06661020000000001,S+S
J092837+383221,20230017483,142.1514,38.5375,15.97440633,9.028,-0.433806062,0.012141624,209.56,9065.74,9.79,0.012142666666666668,S+S
J092837+383221,20230017483,142.1514,38.5375,15.97440633,8.747,-0.968350947,0.012445155,209.56,9065.74,9.79,0.012142666666666668,S+S
J083108+305344,20230006799,127.7793,30.8971,90.89399648,11.259,0.473,0.073720463,192.55,895.84,10.22,0.07319536666666666,S+E
J112546+470000,20230029048,171.437,46.9956,6.563447965,9.302,0.331,0.034169242,140.68,877.56,9.62,0.03409903333333333,S+S
J113326+471712,20230029268,173.3639,47.2685,72.60885143,10.035,0.901,0.045553915,125.01,2118.27,10.23,0.0454291,S+S
J113326+471712,20230029268,173.3639,47.2685,72.60885143,10.074,0.371,0.04534873,125.01,2118.27,10.23,0.0454291,S+S
J103434+450907,20230026948,158.6438,45.1492,162.8092502,9.888,-0.343702644,0.025327386,232.1,1542.2,9.62,0.0252757,S+S
J112754+472346,20230029401,171.9663,47.3984,94.06014743,10.467,0.548,0.0326836,206.24,3778.47,10.22,0.0327574,S+S
J085906+331043,20230010023,134.7651,33.1942,66.34266376,9.441,-0.043765653,0.044597622,194.26,1819.4,10.13,0.044290699999999995,S+S
J085906+331043,20230010023,134.7651,33.1942,66.34266376,9.568,0.094,0.044246081,194.26,1819.4,10.13,0.044290699999999995,S+S
J090501+335506,20230010991,136.2355,33.9281,94.3163049,10.629,0.339523762,0.043873966,171.36,734.2,9.73,0.0435489,S+E
J083552+302532,20230006348,128.9745,30.4175,166.2106706,9.671,-0.362906933,0.025212409,214.89,857.93,9.34,0.025178266666666664,S+S
J085512+322825,20230008902,133.7949,32.4622,147.1077497,10.20275402,0.308415979,0.075987138,154.27,847.78,10.23,0.07621789999999999,S+S
J094706+344524,20230011761,146.7879,34.7561,7.230474888,10.55660152,0.916161776,0.040625427,331.88,2512.99,10.22,0.040729,S+E
J095911+363717,20230054808,149.7995,36.6177,136.9678584,10.03748322,0.138698682,0.040992431,250.94,631.39,9.62,0.04098106666666666,S+S
J095736+365635,20230014936,149.4022,36.9414,142.5010954,9.92,0.178,0.040600654,209.41,516.38,9.53,0.04068243333333333,S+S
J124009+484850,20230030685,190.0667,48.8101,50.11650161,10.261,-0.331578791,0.029184593,141.7,1149.83,9.59,0.029112366666666663,S+S
J140644+471602,20230051298,211.6719,47.2726,51.98550114,10.752,0.537,0.059861541,284.13,2148.07,10.44,0.05978516666666667,S+S
J140644+471602,20230051298,211.6719,47.2726,51.98550114,10.458,0.044,0.059180543,284.13,2148.07,10.44,0.05978516666666667,S+S
J150324+420327,20230023016,225.8267,42.0502,71.0384521,9.463,-0.562918425,0.016802294,200.44,950.16,9.05,0.016786133333333335,S+S
J142555+462853,20230028511,216.4728,46.4655,53.22445687,9.805,0.307,0.033163793,123.71,1362.46,9.75,0.03302566666666667,S+S
J142555+462853,20230028511,216.4728,46.4655,53.22445687,9.441,-0.339583188,0.033108756,123.71,1362.46,9.75,0.03302566666666667,S+S
J102522+425752,20230024562,156.3981,42.9579,108.0797857,10.56317234,-1.421019077,0.048449621,375.2,1429.77,10.11,0.048603266666666665,S+S
J102522+425752,20230024562,156.3981,42.9579,108.0797857,10.85340977,0.35178563,0.048682429,375.2,1429.77,10.11,0.048603266666666665,S+S
J122143+464845,20230028871,185.4278,46.8128,144.0705022,9.15,-0.703256547,0.024473673,188.16,1915.47,9.67,0.024519366666666667,S+S
J115147+465222,20230028923,177.9489,46.8734,70.52398056,8.965,-0.790927589,0.01893707,58.74,1691.73,9.4,0.018901133333333334,S+S
J121203+470611,20230029155,183.0071,47.1188,97.3207552,10.038,0.07047154,0.032225184,259.36,1997.39,9.92,0.03211516666666667,S+S
J121625+471541,20230029260,184.1078,47.2609,197.2199205,9.184,-0.404784769,0.024213661,206.46,2080.36,9.69,0.024173266666666665,S+S
J110147+455225,20230027845,165.4419,45.8756,78.50680203,9.202,-1.900765181,0.021917038,38.88,883.91,9.24,0.021903366666666667,S+S
J110029+461434,20230028279,165.1133,46.2335,161.6040504,10.416,0.378,0.053972494,208.95,891.65,9.97,0.05394416666666667,S+E
J112435+473650,20230029607,171.1433,47.6061,115.6514018,9.454,-0.501190484,0.03339636,209.14,633.85,9.46,0.03326306666666667,S+S
J125015+470134,20230051304,192.5709,47.0322,127.7630895,10.015,0.064,0.053401671,135.8,550.7,9.75,0.0533206,S+S
J131141+465746,20230051302,197.9136,46.9562,118.6194345,10.585,0.367,0.053387444,306.52,1333.47,10.14,0.0533513,S+E
J101010+362753,20230013973,152.5211,36.4218,107.6742059,10.441,0.523,0.041070253,176.69,1522.95,10.01,0.04132943333333333,S+S
J101229+363654,20230055008,153.1254,36.6183,174.9949003,10.393,-0.511560619,0.03427713,260.86,1957.06,9.98,0.034269,S+S
J104148+384310,20230055073,160.4392,38.7285,54.2792935,10.644,-1.32910955,0.03725829,664.72,1251.25,9.82,0.0357723,S+S
J104451+384521,20230017830,161.1634,38.7617,120.7766527,9.703,-0.385846615,0.03328139,279.23,2068.17,10.04,0.0356954,S+S
J091837+332317,20230010330,139.6672,33.4085,69.42609694,10.299,0.402,0.042253368,141.57,933.19,9.81,0.042201666666666665,S+S
J100846+383805,20230017681,152.1573,38.6442,91.14893969,10.92,0.361,0.055792168,196.16,930.58,10.01,0.055769533333333336,S+E
J155534+423646,20230024021,238.9287,42.6247,94.17404474,10.82936764,-0.65352118,0.045251414,178.53,720.46,9.74,0.0454149,S+S
J162142+374535,20230016298,245.4212,37.7591,120.9978796,9.38,-0.279803753,0.032947887,156.19,745.88,9.45,0.032806633333333335,S+S
J133509+565140,20230063585,203.787,56.8578,16.27125226,9.687,0.05,0.039137397,90.6,837.66,9.69,0.0390463,S+S
J160021+430255,20230062293,240.0935,43.0847,141.5308467,10.908,0.053352129,0.04425855,403.88,1731.92,10.1,0.044360866666666665,S+E
J135619+551004,20230036912,209.0663,55.164,158.984522,9.657,-0.151989475,0.040825311,218.49,1199.55,9.88,0.04087956666666667,S+S
J140515+553950,20230037433,211.239,55.6851,99.81913855,9.656,0.009937926,0.035650291,156.73,1024.47,9.7,0.0359039,S+S
J150557+381640,20230017080,226.4837,38.2694,142.3821881,10.794,0.39,0.049073283,357.98,609.7,9.74,0.0490668,S+E
J123110+470100,20230029063,187.7942,47.0128,133.3235291,10.555,0.281,0.041956484,286.87,2818.1,10.29,0.041853100000000004,S+S
J130708+461834,20230028361,196.7386,46.3003,25.02225786,9.902,0.265,0.024642119,161.92,929.93,9.36,0.025099566666666667,S+E
J131209+461143,20230028222,198.0292,46.1924,93.07984719,9.089087486,-1.026985407,0.028655769,589.71,7070.69,10.33,0.027811866666666664,S+S
J135746+450227,20230055896,209.4175,45.0591,116.301456,9.998,-0.292333096,0.042693164,216.55,1398.39,9.99,0.04281213333333333,S+S
J125059+482403,20230051384,192.7634,48.4007,39.65068768,10.312,0.513,0.049425263,218.79,1036.83,9.97,0.049740066666666666,S+S
J160451+303133,20230006456,241.2236,30.5306,43.39238791,10.571,0.784,0.055396639,240.1,2052.21,10.36,0.055295266666666676,S+S
J160451+303133,20230006456,241.2236,30.5306,43.39238791,10.647,0.947,0.055368148,240.1,2052.21,10.36,0.055295266666666676,S+S
J160513+302759,20230006395,241.306,30.4662,123.1633514,10.846,0.685,0.055502661,332.37,819.46,9.96,0.05539883333333334,S+S
J150659+395925,20230019865,226.702,39.9611,142.8440669,9.722,-0.242499977,0.05112524,268.57,1026.93,9.99,0.0511673,S+S
J113536+432836,20230025170,173.8995,43.4786,106.0776403,9.72,-0.374517918,0.024304401,266.25,2595.94,9.8,0.024290866666666668,S+S
J124627+434743,20230025559,191.6179,43.7958,112.7311932,10.237,-0.153934494,0.040541075,158.33,922.27,9.78,0.04046693333333333,S+S
J122336+443242,20230026393,185.9021,44.5465,157.9332664,10.466,0.494,0.047847342,48.07,972.77,9.93,0.04784836666666667,S+S
J131834+433430,20230062390,199.6421,43.5713,175.4545825,9.604,-0.171808481,0.03537577,165.64,1242.4,9.79,0.035349733333333334,S+S
J095121+381952,20230017218,147.8313,38.3472,182.0515336,9.233,-0.763871551,0.027247014,162.1,550.25,9.25,0.027249233333333334,S+S
J141548+405928,20230021611,213.948,40.9918,197.8525044,9.75158596,0.543520927,0.041202728,259.56,928.27,9.78,0.041088,S+S
J134509+434336,20230025492,206.2885,43.737,144.8036647,10.148,0.051852033,0.03781347,217.02,1219.59,9.84,0.037855,S+S
J143525+403035,20230020758,218.9104,40.5306,158.3372552,10.719,0.467,0.062102485,72.9,578.96,9.9,0.06209506666666667,S+S
J134030+442211,20230026203,205.1389,44.3642,98.84485055,9.627,-0.065351889,0.03363679,177.31,1159.85,9.72,0.033622233333333335,S+S
J134200+424536,20230024264,205.4985,42.7591,33.27500848,9.43,0.08,0.034668472,255.91,1715.03,9.9,0.0342968,S+S
J140746+411701,20230022028,211.9507,41.28,99.31090639,9.715,-0.058187518,0.030240873,201.03,642.0,9.35,0.030127466666666665,S+S
J124345+455329,20230027837,190.9561,45.8873,56.04088307,10.141,0.405,0.053193651,284.05,990.24,10.0,0.05316456666666667,S+S
J142710+472755,20230029473,216.7842,47.4696,176.517206,9.952,0.178,0.070736989,107.42,564.32,10.0,0.07061453333333334,S+S
J134628+502936,20230062971,206.6172,50.4939,116.5853334,8.558581352,-0.982890785,0.015061048,159.97,3247.44,9.54,0.015033066666666667,S+S
J113113+403911,20230020982,172.808,40.6593,42.52901501,10.703,1.011,0.044715449,204.66,2111.14,10.22,0.04461946666666667,S+S
J124331+413121,20230022308,190.8789,41.5169,164.480261,8.559,-1.446694255,0.016736107,157.92,851.81,9.01,0.01667633333333333,S+S
J130231+414157,20230022507,195.6318,41.7003,80.11660762,9.83,0.134,0.053716306,173.2,917.97,9.98,0.0537835,S+S
J115914+423400,20230023904,179.8222,42.5663,162.8504325,10.186,0.24,0.030367097,116.7,748.71,9.46,0.030276733333333333,S+E
J131950+415857,20230042544,199.9622,41.9737,87.46044998,10.376,0.36,0.053652734,63.78,847.25,9.94,0.0533258,S+S
J112558+423511,20230024002,171.5468,42.616,181.9440054,10.051,0.239,0.072918378,131.58,966.2,10.26,0.07304603333333334,S+E
J121829+433159,20230025229,184.6377,43.5342,39.18758972,9.309,-1.77299273,0.024174403,102.72,2236.83,9.72,0.024043933333333333,S+S
J121829+433159,20230025229,184.6377,43.5342,39.18758972,9.342,-0.462113857,0.023918824,102.72,2236.83,9.72,0.024043933333333333,S+S
J120938+420034,20230022938,182.4074,42.0053,28.92549893,10.053,0.357,0.022880636,160.78,1982.67,9.6,0.022577533333333333,S+S
J120938+420034,20230022938,182.4074,42.0053,28.92549893,9.74,0.046,0.022233704,160.78,1982.67,9.6,0.022577533333333333,S+S
J123521+422002,20230023509,188.8611,42.3266,95.98049586,9.748,-0.201723948,0.038821355,201.36,1140.09,9.84,0.038750900000000005,S+S
J143100+372703,20230015808,217.7405,37.4513,188.2296408,9.338802338,-0.449859351,0.027467608,177.55,1482.99,9.6,0.027417966666666665,S+S
J133111+414630,20230022609,202.7966,41.7885,37.68106578,9.784,0.222,0.034980364,168.46,1481.1,9.86,0.034841500000000004,S+S
J143758+382130,20230017237,219.4918,38.365,11.96714118,10.15268707,0.30607304,0.035550445,136.05,1743.66,9.94,0.0355903,S+S
J143758+382130,20230017237,219.4918,38.365,11.96714118,9.829424858,0.158226624,0.035279464,136.05,1743.66,9.94,0.0355903,S+S
J141152+354556,20230012875,212.9634,35.7526,48.69054771,9.415,-0.430024743,0.0340271,190.96,1711.3,9.9,0.034112833333333335,S+S
J141152+354556,20230012875,212.9634,35.7526,48.69054771,9.246,-0.364468813,0.034136426,190.96,1711.3,9.9,0.034112833333333335,S+S
J101305+351655,20230012184,153.2679,35.306,59.40922045,10.837,0.916,0.038093559,404.68,1520.14,9.95,0.037926800000000004,S+S
J101305+351655,20230012184,153.2679,35.306,59.40922045,11.001,0.204,0.037888661,404.68,1520.14,9.95,0.037926800000000004,S+S
J113716+391702,20230018602,174.3167,39.271,23.8808269,10.143,0.573,0.030628176,182.14,1874.41,9.88,0.030862300000000002,S+S
J113716+391702,20230018602,174.3167,39.271,23.8808269,10.424,0.418,0.031187067,182.14,1874.41,9.88,0.030862300000000002,S+S
J145528+325024,20230009452,223.8769,32.82,46.62521024,10.977,0.165,0.059932683,219.71,1516.73,10.29,0.06024253333333333,S+S
J094341+331605,20230010172,145.9317,33.2548,77.31114542,10.545,0.864,0.085594773,91.55,966.76,10.39,0.08554213333333333,S+S
J101330+354309,20230012738,153.3754,35.713,150.072214,9.572,-0.099448025,0.039839417,148.74,942.84,9.78,0.03983936666666667,S+S
J125055+401112,20230020209,192.755,40.1856,32.97821538,9.749,0.355,0.025785221,169.58,1483.43,9.59,0.0256039,S+S
J125055+401112,20230020209,192.755,40.1856,32.97821538,9.563,-0.141282633,0.02558098,169.58,1483.43,9.59,0.0256039,S+S
J125048+401812,20230020349,192.6994,40.3015,198.9336495,8.592,-1.145271778,0.016132424,159.27,1497.42,9.22,0.016111466666666664,S+S
J104439+383319,20230017571,161.1681,38.5995,105.6818469,10.081,-0.502816856,0.032882035,266.57,1776.54,9.91,0.03292763333333334,S+S
J112355+401031,20230020203,170.9713,40.1825,57.90113061,10.678,0.474,0.065250106,246.99,619.98,9.97,0.06517553333333333,S+E
J143450+354911,20230012947,218.726,35.8078,53.27764208,10.49,0.128,0.043743186,446.12,2211.53,10.22,0.044137333333333334,S+S
J143450+354911,20230012947,218.726,35.8078,53.27764208,10.278,-0.124230765,0.044571318,446.12,2211.53,10.22,0.044137333333333334,S+S
J141353+475342,20230062667,213.4578,47.8925,79.82292367,10.54,0.229,0.070152558,372.18,1004.71,10.24,0.07011343333333334,S+E
J154215+381945,20230017204,235.5727,38.3347,77.93836051,10.422,1.091,0.065166093,239.61,1318.89,10.29,0.0645877,S+S
J154215+381945,20230017204,235.5727,38.3347,77.93836051,9.976,0.15,0.064267218,239.61,1318.89,10.29,0.0645877,S+S
J131330+511622,20230032697,198.3846,51.2313,115.8939737,10.562,1.015,0.056280807,378.87,1323.7,10.18,0.05614943333333334,S+S
J151142+435813,20230025734,227.9225,43.9696,85.73067151,9.527,-0.02384779,0.027577646,188.09,1090.71,9.46,0.027492433333333333,S+S
J151824+324433,20230009321,229.607,32.7368,53.87802331,8.738639832,-0.520647645,0.030046128,84.88,1919.48,9.75,0.03003396666666667,S+S
J151824+324433,20230009321,229.607,32.7368,53.87802331,9.078472137,-0.3163791,0.030169671,84.88,1919.48,9.75,0.03003396666666667,S+S
J135520+400305,20230019977,208.8069,40.0559,94.60572786,9.32,-0.916071415,0.035868656,132.84,1020.62,9.71,0.035862766666666664,S+S
J152946+322621,20230008836,232.4584,32.4388,38.61500683,9.320329666,-0.060838915,0.030913126,212.31,2650.71,9.9,0.030878799999999998,S+S
J152946+322621,20230008836,232.4584,32.4388,38.61500683,9.554829597,0.000663719,0.030871961,212.31,2650.71,9.9,0.030878799999999998,S+S
J155611+314544,20230058445,239.055,31.7717,144.1409653,9.542,-0.114571385,0.032348707,209.11,909.73,9.47,0.03235603333333333,S+S
J160430+302201,20230006305,241.1305,30.363,83.34415341,10.204,0.424,0.056331538,103.27,1351.26,10.19,0.05632906666666667,S+S
J161315+302838,20230006410,243.2793,30.4825,120.8669647,10.439,0.009,0.048910916,110.05,1931.93,10.23,0.04889403333333333,S+S
J161426+301646,20230006253,243.6205,30.2658,89.12734651,10.148,0.137,0.053788818,170.11,629.02,9.82,0.05380016666666666,S+E
J151957+322406,20230050113,229.979,32.3866,76.11646927,10.23133945,0.45552513,0.062040795,205.96,911.62,10.1,0.061956333333333335,S+S
J152712+382416,20230017245,231.7964,38.3722,138.2258022,10.94672298,0.456597477,0.065422788,325.35,1744.06,10.42,0.06511916666666667,S+S
J152712+382416,20230017245,231.7964,38.3722,138.2258022,10.67928028,0.656603873,0.065170556,325.35,1744.06,10.42,0.06511916666666667,S+S
J161537+311916,20230007238,243.8941,31.3206,121.5074706,10.274,-0.135865018,0.02219772,292.24,4132.1,9.86,0.022216966666666668,S+S
J153538+380508,20230016785,233.9034,38.0854,81.76170525,9.23944664,-0.308439225,0.032073744,194.37,1355.68,9.68,0.032050499999999996,S+S
J154424+370159,20230015069,236.0924,37.0321,136.1775973,10.279,0.563,0.068827055,191.5,682.23,10.06,0.06869026666666667,S+S
J150243+431628,20230062327,225.6699,43.2726,65.36042179,10.992,-0.732211471,0.040592715,413.93,1125.13,9.85,0.0405326,S+E
J153446+394943,20230019732,233.6542,39.8668,169.759978,10.632,0.762,0.065347522,79.22,701.75,10.03,0.0653855,S+S
J154340+393225,20230019151,235.9169,39.5372,152.9666053,10.774,0.966,0.063471131,57.88,1001.28,10.16,0.06343323333333334,S+S
J153630+411029,20230021917,234.1273,41.1795,104.4947441,10.74,0.449,0.055236705,127.97,972.65,10.02,0.054766133333333335,S+S
J150119+313132,20230007506,225.3225,31.5026,116.8976238,10.286,0.725,0.080474757,235.53,874.13,10.3,0.08027466666666667,S+S
J134819+362922,20230014126,207.0701,36.4884,104.3123112,9.352,-0.60980922,0.024971643,157.68,833.19,9.29,0.024936033333333333,S+S
J135825+354902,20230012963,209.5866,35.818,195.1304456,9.187,-0.800168037,0.027007027,180.29,790.32,9.33,0.02702296666666667,S+S
J145436+303704,20230006523,223.65,30.614,194.6145558,10.336,0.191,0.05116798,142.4,872.82,9.92,0.05109693333333333,S+S
J142845+330643,20230061143,217.1862,33.113,109.6177216,9.488,-0.199168459,0.028906485,168.92,2590.18,9.88,0.0288431,S+S
J141651+324810,20230009414,214.2083,32.8017,94.37482975,9.111,-0.52079314,0.022315752,132.49,2630.51,9.7,0.02231436666666667,S+S
J140308+345840,20230054488,210.8213,34.9516,47.30565112,9.386,-0.250774324,0.025525097,232.84,1191.21,9.49,0.0264345,S+S
J081737+520236,20230033484,124.4041,52.05,147.1260055,8.753,0.153783888,0.023553509,147.88,800.05,9.27,0.023480833333333333,S+S
J095036+642917,20230041556,147.6481,64.4786,199.2907097,9.803,-0.856591582,0.010257093,245.4,4132.63,9.31,0.0102682,S+S
J074915+462502,20230028461,117.3064,46.4231,89.77429687,9.609469414,0.169515476,0.038085531,254.01,1881.41,10.02,0.038042099999999995,S+S
J074915+462502,20230028461,117.3064,46.4231,89.77429687,9.480719566,-0.28158766,0.038229823,254.01,1881.41,10.02,0.038042099999999995,S+S
J075914+492146,20230031150,119.8036,49.3637,60.13127984,10.40503311,0.6543414,0.056781303,96.15,866.41,10.0,0.05683443333333334,S+E
J074401+452736,20230027213,116.0043,45.437,120.0980807,10.02396774,-0.125282481,0.053456049,271.66,554.44,9.75,0.0534397,S+S
J082037+523106,20230033924,125.1632,52.5257,69.48596533,9.202,-0.993650794,0.017431289,167.58,1402.41,9.23,0.017380466666666667,S+S
J084442+573532,20230038709,131.1933,57.6135,87.66938632,10.372,0.05,0.041979723,253.05,2313.76,10.19,0.0418947,S+S
J084442+573532,20230038709,131.1933,57.6135,87.66938632,10.409,0.257,0.041878521,253.05,2313.76,10.19,0.0418947,S+S
J083725+565824,20230038295,129.3781,56.9602,45.9332487,10.221,-0.260771632,0.046035882,414.52,3037.39,10.38,0.046077266666666665,S+S
J083725+565824,20230038295,129.3781,56.9602,45.9332487,10.022,0.313,0.046304304,414.52,3037.39,10.38,0.046077266666666665,S+S
J073340+414106,20230022489,113.4599,41.6878,70.19468687,10.403,-0.04537474,0.040421046,229.85,998.05,9.79,0.04040666666666667,S+E
J074101+441741,20230026115,115.2531,44.2846,112.5786598,10.455,0.088,0.066022478,124.54,539.08,9.92,0.06605676666666667,S+E
J001657-004147,20230004655,4.242,-0.6748,64.63120068,10.244,0.5,0.085912235,142.47,1075.91,10.44,0.0859351,S+S
J235215+000610,20230005063,358.0647,0.1067,23.68629488,9.268,-0.501881719,0.022947846,160.98,1495.03,9.46,0.0229698,S+S
J074727+475157,20230029825,116.8585,47.8785,80.23848874,11.053,0.863,0.050909117,197.31,1159.98,10.03,0.050894433333333336,S+S
J082323+564643,20230038210,125.8534,56.7796,61.35833983,10.717,0.282,0.042082615,197.54,1250.9,9.92,0.04205793333333333,S+S
J081350+541534,20230035992,123.443,54.2854,147.5151797,10.23,0.43,0.069810033,247.17,957.85,10.22,0.06994663333333334,S+S
J074835+493257,20230031327,117.1422,49.547,173.5012859,9.898,-0.122613624,0.020991722,233.69,2096.0,9.57,0.020916333333333332,S+S
J082034+592943,20230040070,125.1043,59.5117,119.0727492,10.34809494,0.340624958,0.078003161,329.16,1254.91,10.43,0.07859973333333332,S+S
J082034+592943,20230040070,125.1043,59.5117,119.0727492,10.36093235,0.248129934,0.078539394,329.16,1254.91,10.43,0.07859973333333332,S+S
J083608+620231,20230041188,129.0341,62.0345,38.03578024,9.263,-0.696886301,0.017670017,154.11,4977.76,9.82,0.017711,S+S
J083608+620231,20230041188,129.0341,62.0345,38.03578024,9.198,-0.519751608,0.017661585,154.11,4977.76,9.82,0.017711,S+S
J092942+302051,20230053804,142.4283,30.3603,141.153763,8.796,-0.811612666,0.024768272,154.69,1031.5,9.42,0.024717166666666665,S+S
J130111+404242,20230021104,195.2956,40.7283,109.2081947,10.507,0.425,0.068253674,201.08,1117.42,10.26,0.06813126666666668,S+S
J102130+350107,20230011938,155.3789,35.018,147.8130667,10.644,0.164,0.034557652,154.72,1704.17,9.93,0.03454956666666667,S+S
J101031+351419,20230012126,152.6307,35.2377,40.81601055,8.989771843,-0.252366245,0.038479533,168.19,1392.47,9.92,0.03843736666666667,S+S
J115603+394345,20230119573,179.0084,39.715,116.733198,9.418,-0.4969199,0.020646263,208.98,2145.21,9.54,0.02052453333333333,S+S
J103639+372825,20230015854,159.1564,37.4769,101.3910297,9.276,-0.687889576,0.023050297,188.13,1604.52,9.54,0.0230322,S+S
J122749+362057,20230013866,186.9692,36.3603,28.96232457,9.415,-0.391545951,0.033761356,258.23,2254.56,10.03,0.033864599999999995,S+S
J122749+362057,20230013866,186.9692,36.3603,28.96232457,9.592,-0.257860214,0.033897165,258.23,2254.56,10.03,0.033864599999999995,S+S
J124654+361459,20230013742,191.7586,36.287,90.27601721,10.78,0.394,0.041469242,343.35,959.11,9.82,0.04142956666666667,S+E
J133241+361655,20230013686,203.192,36.2584,99.79682299,10.377,0.551,0.057923757,242.33,1474.45,10.25,0.057773533333333335,S+S
J133241+361655,20230013686,203.192,36.2584,99.79682299,10.541,0.396,0.057760306,242.33,1474.45,10.25,0.057773533333333335,S+S
J133051+370257,20230015103,202.7103,37.0442,97.13424489,10.455,0.617,0.062363941,253.07,1605.84,10.34,0.06216086666666666,S+S
J114211+360533,20230053997,175.543,36.0829,8.443011709,10.042,0.44,0.038534809,186.89,1084.53,9.82,0.03858726666666667,S+S
J125706+361124,20230054969,194.2774,36.1881,197.7465773,10.02985096,-0.357823908,0.034689486,261.6,739.9,9.57,0.034718733333333335,S+E
J111351+364143,20230014474,168.4757,36.6922,65.40455072,9.959,0.00562662,0.034571245,239.53,2328.71,10.06,0.03458526666666667,S+S
J111351+364143,20230014474,168.4757,36.6922,65.40455072,10.218,0.057015456,0.034703881,239.53,2328.71,10.06,0.03458526666666667,S+S
J135142+350249,20230054294,207.9523,35.0527,64.4358344,8.557,-0.830055237,0.024516096,103.7,1350.82,9.49,0.024581333333333334,S+S
J094053+314441,20230007810,145.2079,31.744,182.8448806,9.697,-0.611397028,0.022712272,254.16,3187.36,9.81,0.022613466666666665,S+S
J100845+310632,20230058256,152.1924,31.1099,193.9403492,10.997,0.106333263,0.050118107,457.52,1311.25,10.07,0.050163033333333336,S+E
J082854+351238,20230012089,127.233,35.195,62.91835205,10.13,0.325,0.043701924,238.34,814.99,9.77,0.04366436666666666,S+S
J094607+325045,20230009584,146.5291,32.8919,95.46796396,10.707,0.240825742,0.036959682,273.49,1279.37,9.85,0.0368839,S+S
J092127+344822,20230061558,140.3973,34.8135,87.62100743,9.286,0.030247029,0.025022568,207.76,2405.83,9.79,0.02471203333333333,S+S
J133109+324653,20230009391,202.7809,32.785,156.1273827,9.838,0.110307291,0.024587451,142.21,1142.36,9.42,0.02452093333333333,S+S
J111923+333656,20230058669,169.8633,33.6106,42.49950856,10.3,-0.343625367,0.036852788,410.88,1865.3,10.03,0.03708893333333334,S+S
J111923+333656,20230058669,169.8633,33.6106,42.49950856,10.773,0.475098193,0.037054252,410.88,1865.3,10.03,0.03708893333333334,S+S
J112546+334822,20230010845,171.4424,33.8041,90.74792248,9.825,-0.346716315,0.034171533,103.09,1881.54,9.96,0.03417316666666667,S+S
J112432+343204,20230011592,171.1408,34.5312,11.93276433,10.074,0.435,0.041572031,241.38,1274.43,9.95,0.0417395,S+S
J131142+343340,20230061501,197.9458,34.5797,37.90130046,8.866,-1.272941113,0.017597016,134.85,1232.45,9.17,0.017278633333333335,S+S
J131142+343340,20230061501,197.9458,34.5797,37.90130046,8.595,-1.26811409,0.017280323,134.85,1232.45,9.17,0.017278633333333335,S+S
J140520+322821,20230050116,211.3324,32.4718,171.7388273,10.035,0.068464138,0.063342676,233.3,931.91,10.12,0.06325343333333333,S+S
J112903+353528,20230012537,172.3174,35.5796,87.21478086,9.934414864,-0.203694403,0.034567915,164.0,4056.65,10.3,0.03433183333333333,S+S
J122346+360910,20230013502,185.9359,36.1393,81.76868794,10.932,0.011,0.033324245,377.99,1282.69,9.78,0.033318,S+S
J123143+361233,20230013591,187.9427,36.1933,25.84597768,9.776,-0.227283284,0.033570461,230.76,628.51,9.47,0.0334556,S+E
J095919+301042,20230058057,149.8321,30.1794,38.20383022,9.397,-0.015201814,0.046476193,142.57,1014.46,9.92,0.04632173333333334,S+S
J115419+334602,20230058694,178.6029,33.7725,45.67597277,9.471,0.266,0.04795225,103.12,1137.17,10.01,0.0479776,S+S
J132635+324539,20230009349,201.6438,32.7587,124.8267746,9.516,-0.709790051,0.024515176,207.6,1047.08,9.38,0.0245516,S+E
J124947+340710,20230011225,192.4602,34.1244,44.31505981,10.115,-0.059466418,0.042871643,279.15,1081.05,9.89,0.042673666666666665,S+S
J124947+340710,20230011225,192.4602,34.1244,44.31505981,9.922,-0.103420973,0.042405028,279.15,1081.05,9.89,0.042673666666666665,S+S
J130412+334318,20230061285,196.0414,33.7257,123.216112,9.675,-0.6282143,0.033469908,226.24,615.91,9.46,0.03336303333333333,S+S
J131525+332730,20230010372,198.8491,33.4568,131.794497,9.918,0.01,0.03734399,259.7,775.15,9.64,0.03719653333333333,S+S
J115928+345336,20230061579,179.8686,34.8938,128.6098717,10.746,0.574,0.032836322,413.46,2658.19,10.08,0.0327277,S+S
J135329+324855,20230009453,208.3626,32.8204,139.7087811,9.432,-0.405150831,0.035187308,199.28,581.95,9.46,0.03516933333333333,S+S
J140442+330332,20230061137,211.1921,33.0802,81.26140594,9.89,0.011,0.052113786,127.76,548.64,9.73,0.0520967,S+E
J135101+303855,20230006555,207.7547,30.6481,143.2637634,10.474,0.275,0.046569433,63.93,658.91,9.74,0.04654843333333333,S+E
J135447+310625,20230065226,208.703,31.1168,175.0091321,9.866,-0.212993056,0.043615013,102.98,643.79,9.67,0.04349806666666667,S+S
J131803+304143,20230006591,199.5327,30.7043,92.40244235,9.579,-0.093942873,0.037163418,134.07,1243.41,9.84,0.03704843333333334,S+S
J123830+315303,20230008030,189.6284,31.8823,162.1561144,8.68,-1.001159787,0.014348988,172.15,2277.89,9.31,0.014343733333333332,S+S
J122118+324239,20230009290,185.3152,32.7154,83.21623244,9.938,0.215,0.022968283,122.9,3844.79,9.88,0.022953166666666667,S+S
J123604+333620,20230010603,189.0225,33.6147,32.28757809,10.273,0.069,0.043513432,261.63,2280.24,10.24,0.04380706666666667,S+S
J123604+333620,20230010603,189.0225,33.6147,32.28757809,9.939,0.048852228,0.04417292,261.63,2280.24,10.24,0.04380706666666667,S+S
J130833+330441,20230061139,197.1347,33.0902,109.4985292,8.755,-0.125330687,0.026703872,232.09,1306.78,9.58,0.026634866666666666,S+S
J133947+300725,20230053923,204.9553,30.1346,44.41337264,10.871,0.558,0.033722557,286.54,1003.44,9.67,0.033734466666666664,S+S
J110311+303713,20230053646,165.7977,30.6164,175.0546179,9.483,-0.556007504,0.03309435,198.2,535.53,9.39,0.0330202,S+S
J115502+320428,20230058504,178.7515,32.0754,29.56864122,10.2,0.296,0.031038186,185.21,2901.34,10.08,0.03105096666666667,S+S
J115502+320428,20230058504,178.7515,32.0754,29.56864122,10.14,-0.714663327,0.031015454,185.21,2901.34,10.08,0.03105096666666667,S+S
J125303+321936,20230008676,193.2635,32.3249,97.70635704,9.286,-0.191935346,0.021840595,147.5,931.12,9.22,0.0219293,S+S
J111816+321037,20230008484,169.5661,32.1773,96.99185017,9.194519043,-0.122014917,0.033193808,180.6,926.72,9.63,0.03322276666666667,S+S
J125344+324215,20230009286,193.4129,32.7145,84.9465251,8.794,-0.77154243,0.023066949,166.81,1279.8,9.41,0.023145466666666666,S+S
J132325+320611,20230008280,200.8283,32.0684,35.88984079,9.626,-0.673367679,0.016723681,206.24,1539.11,9.24,0.01676436666666667,S+E
J162556+413119,20230022281,246.5325,41.5021,46.49693006,10.036,0.35,0.042718388,195.39,983.67,9.84,0.04325456666666667,S+S
J162341+510000,20230063074,245.9008,50.9698,65.55432903,9.042,-1.694551587,0.019400131,312.05,3227.86,9.69,0.019935,S+S
J110817+311128,20230007109,167.0889,31.1842,86.21331368,10.441,0.244,0.034801461,205.24,942.29,9.69,0.03507966666666667,S+S
J110257+312333,20230058338,165.7435,31.3853,77.8983409,10.755,0.342,0.046130233,357.05,1268.67,10.02,0.04605393333333333,S+S
J110257+312333,20230058338,165.7435,31.3853,77.8983409,10.536,0.386,0.046031624,357.05,1268.67,10.02,0.04605393333333333,S+S
J011115-002721,20230051711,17.8077,-0.4569,197.6670435,9.203,-1.109294772,0.017711654,168.53,2335.73,9.35,0.017714266666666666,S+S
J113714+300927,20230058048,174.3154,30.1572,50.51321788,9.135,-0.171601176,0.032934744,116.41,1593.13,9.86,0.032754066666666665,S+S
J113714+300927,20230058048,174.3154,30.1572,50.51321788,9.198,-0.507031202,0.03215985,116.41,1593.13,9.86,0.032754066666666665,S+S
J120750+305302,20230006786,181.9577,30.8791,179.8642202,9.162,-0.483678699,0.023466257,154.44,644.86,9.13,0.023505133333333334,S+S
J122328+305904,20230006873,185.875,30.9803,142.6347832,10.407,-0.190024808,0.028460588,304.61,663.13,9.37,0.028511966666666666,S+E
J121834+301337,20230058071,184.6642,30.2514,147.138845,10.12946892,0.319930136,0.046917725,139.37,956.53,9.92,0.04727513333333334,S+S
J113553+304103,20230006583,173.9703,30.6798,123.0206681,10.3,0.201282337,0.045760676,116.11,1443.39,10.07,0.04575163333333333,S+S
J110521-005004,20230004513,166.3324,-0.8307,153.2189015,9.433,-0.234799936,0.033736855,219.14,697.2,9.51,0.0336994,S+S
J033546-055246,20230000926,53.9402,-5.8755,155.632056,9.664,-0.469151944,0.037581392,194.71,1144.0,9.8,0.037469866666666664,S+S
J033726-053210,20230001044,54.3553,-5.5368,166.5633133,9.108,-0.875737727,0.013381028,142.41,1446.9,8.92,0.013382100000000001,S+S
J085909+544137,20230036406,134.7916,54.6882,149.5919376,9.653,-0.074919939,0.047439341,47.22,751.47,9.8,0.047384833333333334,S+S
J101157+595216,20230040268,152.9948,59.8704,184.89191,9.108,-0.584531069,0.022164468,146.16,809.58,9.23,0.022061233333333333,S+S
J075623+410424,20230055207,119.0986,41.0992,190.3652025,9.989,0.057,0.040255331,147.85,565.6,9.55,0.040366266666666664,S+S
J095651+600512,20230040399,149.2032,60.0836,186.5677456,10.202,-0.159947678,0.030616958,268.02,660.4,9.4,0.0306152,S+E
J135638+625954,20230064047,209.1432,63.0032,192.9916662,10.267,0.344,0.044293735,247.74,1903.78,10.14,0.04426963333333333,S+S
J074423+402037,20230020396,116.0913,40.3378,53.69011669,9.596,-0.326527596,0.019558961,228.01,3406.79,9.72,0.0196118,S+S
J075133+425457,20230024446,117.8901,42.8847,141.863622,10.356,-0.755660355,0.032094985,357.26,3389.96,10.15,0.032019066666666665,S+S
J082907+520155,20230033468,127.2768,52.0387,123.9967917,9.617,-0.984864831,0.017666133,125.02,1441.76,9.26,0.017610533333333334,S+S
J085151+554151,20230037458,132.9663,55.7052,180.0705314,9.779,-0.153314471,0.031737305,168.04,890.69,9.56,0.03175883333333333,S+S
J091644+594628,20230040220,139.1823,59.7708,180.0058588,8.707,-0.029725857,0.013774178,187.09,3229.22,9.45,0.013877800000000001,S+S
J153212+584609,20230039544,233.0478,58.7618,173.4742487,10.424,0.055,0.059023958,62.48,712.49,9.95,0.05899836666666666,S+S
J155823+545552,20230036672,239.606,54.9213,166.1823285,10.17385674,0.129429445,0.038053486,161.82,1019.05,9.74,0.03802163333333333,S+S
J170457+380110,20230016695,256.2478,38.0248,158.7990034,10.976,0.485,0.032410819,402.72,708.25,9.41,0.032507600000000005,S+S
J082336+444153,20230026526,125.8961,44.6992,170.7841555,9.77,-0.065760642,0.054648966,49.46,710.44,9.88,0.054561066666666665,S+E
J092948+554642,20230037521,142.4401,55.7721,161.2959641,9.321,-0.73637408,0.025701959,180.11,1137.54,9.5,0.025739266666666667,S+S
J103729+600011,20230040345,159.3909,60.0013,91.23544746,10.513,0.043518685,0.028150428,392.42,2291.52,9.87,0.028070033333333334,S+S
J093736+544626,20230036492,144.4152,54.7704,114.2970709,10.268,0.725,0.074121162,246.55,510.82,9.99,0.0740346,S+S
J080712+395150,20230019729,121.7971,39.8645,186.4012668,9.214,-1.028800011,0.013283531,100.78,1059.34,8.87,0.013218,S+S
J082841+464051,20230028764,127.1747,46.6863,164.3502838,9.929,0.026613005,0.050769497,240.4,939.76,9.94,0.0507424,S+S
J082351+421319,20230023297,125.9704,42.2232,172.7447852,10.657,-0.147445336,0.037565023,101.76,672.76,9.57,0.03751756666666667,S+S
J083516+442953,20230026362,128.8205,44.5093,199.9707147,10.408,0.365,0.038015209,142.8,907.17,9.71,0.038010133333333335,S+E
J083605+444337,20230026553,129.0275,44.7261,156.4820436,10.081,0.339,0.037767511,87.69,910.69,9.71,0.03778893333333334,S+S
J111248+575959,20230038998,168.1972,57.9972,183.6973516,9.211,-0.606534898,0.03223744,195.5,961.38,9.6,0.032153799999999996,S+S
J154308+531446,20230034794,235.8159,53.2325,186.6012562,9.366,-0.399867833,0.041771259,38.26,549.07,9.59,0.043958533333333334,S+S
J145158+580000,20230039000,223.0053,57.9994,156.4214201,9.87,0.130278438,0.061039835,250.92,1133.33,10.18,0.06097863333333333,S+S
J162859+413918,20230062140,247.2449,41.6493,156.9966739,9.489,-0.529999852,0.03181595,205.45,892.13,9.48,0.031796200000000004,S+S
J164104+391953,20230018733,250.2608,39.3332,83.42282083,9.518,-0.473241478,0.029737247,172.4,672.19,9.28,0.029688966666666667,S+S
J131452+603936,20230040715,198.737,60.641,165.139546,10.505,0.965,0.071254522,136.42,693.88,10.1,0.07129166666666667,S+E
J155539+495646,20230062890,238.9169,49.9473,115.9500506,10.3,0.133554846,0.042159788,297.25,890.71,9.77,0.042088,S+S
J134613-032305,20230002542,206.5486,-3.3769,60.75852217,10.17,-1.416836619,0.02271251,55.58,1024.41,9.27,0.022706066666666667,S+E
J152222-012805,20230004110,230.5933,-1.4777,83.44471833,9.954,-0.282968551,0.027003994,273.55,2036.24,9.69,0.026977166666666667,S+E
J171513+312322,20230007300,258.8061,31.3821,183.8759489,9.107085228,-0.373893797,0.023957146,152.9,1062.79,9.31,0.023867299999999998,S+S
J122320+545255,20230036669,185.782,54.9014,146.9589655,10.05492115,0.018518589,0.033766139,81.17,2055.51,9.97,0.0338202,S+S
J102327+522358,20230033781,155.8722,52.3989,199.6656717,10.015,-0.190700084,0.045164771,265.59,850.85,9.82,0.045043033333333336,S+S
J113538+553158,20230037239,173.9181,55.5206,75.08127722,10.134,0.17,0.020521222,233.11,895.33,9.2,0.020375066666666667,S+S
J114925+555843,20230037677,177.3644,55.9758,160.9435343,10.131,0.007402263,0.049542487,90.99,792.29,9.86,0.0494782,S+S
J083104+391302,20230018529,127.7634,39.2238,110.0480632,9.755,-0.433544219,0.030040255,281.33,818.3,9.49,0.02990756666666667,S+S
J075505+324343,20230009287,118.7658,32.7146,150.6299215,9.187,-0.179744199,0.017843273,121.03,685.81,8.95,0.017843633333333334,S+S
J120242+562238,20230037967,180.6786,56.3785,67.60531866,9.525,-0.451562315,0.019205807,235.28,4910.59,9.9,0.019186233333333334,S+S
J094639+452607,20230027212,146.6594,45.437,176.5628489,8.855,-1.755312443,0.016146764,187.75,1831.41,9.3,0.016081333333333333,S+S
J115838+520340,20230033493,179.6573,52.063,189.0811329,10.04654217,0.072307758,0.068771064,68.96,1119.12,10.27,0.0687809,S+E
J085134+390749,20230018383,132.8887,39.1295,150.6318288,9.39,-1.125555396,0.02950686,204.62,1057.04,9.6,0.029493833333333334,S+S
J114405+525128,20230034338,176.0159,52.8611,146.6066645,8.826072693,-0.986193955,0.019085713,151.32,616.23,8.99,0.019107866666666664,S+S
J100150+443425,20230026410,150.4627,44.5708,160.7976727,9.568,-0.457288474,0.033072524,221.16,969.53,9.65,0.033012266666666665,S+S
J123610+484916,20230030691,189.0408,48.8169,171.6867014,10.217,-0.192138225,0.02879847,289.3,1222.17,9.61,0.028728199999999995,S+E
J125625+491524,20230031076,194.1146,49.2612,195.7702668,9.855,-0.365178525,0.030144379,238.54,1549.18,9.74,0.030108433333333337,S+S
J101553+463730,20230028714,153.9695,46.623,195.118387,9.651,-0.396551818,0.025532801,117.5,1087.84,9.48,0.025495499999999997,S+S
J103316+474400,20230029734,158.3194,47.7322,169.7964373,9.194273949,-0.229208842,0.026121747,216.11,1811.08,9.71,0.025994433333333334,S+S
J130844+500203,20230051371,197.1855,50.0392,124.9178232,10.032,0.292,0.047407955,242.44,878.66,9.87,0.0474642,S+S
J121411+510850,20230032614,183.5504,51.1345,114.8874224,9.145,-0.409651518,0.026894515,86.97,683.28,9.3,0.026873266666666666,S+S
J111208+482234,20230030276,168.0438,48.3828,103.9191083,9.302,-0.310124755,0.026366083,209.46,710.9,9.31,0.026282233333333335,S+S
J120659+502707,20230032058,181.7429,50.4498,184.9834521,8.568,-0.838170588,0.023305293,152.63,514.97,9.06,0.023286833333333333,S+S
J130908+535637,20230063306,197.2907,53.9418,64.42238457,9.051793098,-0.744363248,0.008350931,197.23,6168.68,9.36,0.008387466666666666,S+S
J131115+532254,20230034907,197.817,53.378,123.6019069,9.926,-0.094987035,0.029926475,168.69,971.91,9.53,0.0299834,S+S
J151449+461105,20230028215,228.7047,46.1902,124.1248662,9.288,-0.36412099,0.03680237,218.72,725.97,9.57,0.0368642,S+S
J154711+420323,20230023030,236.7735,42.0592,94.76131378,10.451,-0.004532941,0.033404589,168.73,894.94,9.56,0.033317099999999995,S+E
J145348+543025,20230036188,223.463,54.5032,108.1549521,10.461,0.097,0.036669653,244.76,621.08,9.5,0.0367008,S+E
J095659+404313,20230021086,149.2444,40.719,176.3747329,9.697477341,0.108145297,0.043386098,87.65,673.87,9.69,0.04336633333333333,S+E
J092330+382357,20230017288,140.8788,38.3981,149.16623,9.578,-0.68103832,0.027327171,236.89,858.19,9.44,0.027305366666666664,S+S
J113527+464046,20230028759,173.8696,46.6801,174.7608018,9.951,-0.173428535,0.03380027,206.67,1088.95,9.71,0.033824466666666664,S+E
J105824+462622,20230028474,164.5892,46.4341,118.9740833,9.902,-0.126020417,0.039679475,261.5,904.41,9.75,0.039663166666666666,S+S
J112735+472246,20230029392,171.9228,47.3887,94.06014743,10.097,0.397,0.032730334,164.74,4515.81,10.3,0.032769433333333334,S+S
J111913+473721,20230029655,169.8196,47.646,127.4315199,9.628,-0.534883499,0.033847503,259.4,4060.48,10.29,0.0343869,S+S
J083533+303203,20230006462,128.8846,30.5353,166.2106706,10.087,0.601,0.025502412,175.86,3500.5,9.97,0.025497833333333334,S+S
J091031+343333,20230011605,137.6182,34.5532,171.6238449,9.273,-0.424710929,0.027161339,184.51,672.1,9.33,0.027043233333333333,S+S
J150339+420734,20230023107,225.9359,42.1151,71.0384521,9.337,-0.634137094,0.017311936,389.01,10248.8,10.09,0.0170047,S+S
J110809+451249,20230027008,167.0395,45.2122,87.60708386,8.821,-0.865701497,0.020500122,115.69,638.37,9.04,0.020492066666666666,S+S
J111347+453223,20230027368,168.4334,45.5532,83.48459992,9.847,0.035,0.029086785,155.17,1330.32,9.68,0.0293336,S+E
J115212+465329,20230028940,178.0535,46.8919,70.52398056,9.114,-0.47609067,0.019126011,179.12,1068.48,9.21,0.019121566666666666,S+S
J121212+470258,20230029100,183.0578,47.0535,97.3207552,10.06122303,-0.338924944,0.031540573,302.1,1261.51,9.71,0.031591466666666665,S+S
J110210+455337,20230027872,165.5522,45.8946,78.50680203,9.146155357,-0.299536765,0.022625927,416.03,2900.03,9.76,0.021942666666666666,S+S
J112453+473936,20230029674,171.2165,47.6687,115.6514018,9.475,-0.514967024,0.033453457,194.77,716.42,9.51,0.03339173333333333,S+S
J125023+465901,20230051299,192.5968,46.9785,127.7630895,10.036,0.363,0.053324703,153.42,522.01,9.73,0.0532984,S+S
J104509+384252,20230017767,161.2855,38.7118,120.7766527,9.686,-0.528845966,0.03240126,250.59,1037.98,9.66,0.03230213333333333,S+S
J100140+370740,20230015245,150.4172,37.1249,116.9295831,8.848,-0.716780722,0.020172765,109.0,1086.35,9.25,0.020112366666666666,S+S
J134602+554255,20230037474,206.5157,55.7165,110.2416918,11.292,0.48,0.039984461,419.97,3343.57,10.31,0.04000123333333334,S+E
J114749+434453,20230025507,176.9535,43.7493,88.47643627,10.583,0.178,0.025231918,307.79,7493.26,10.29,0.025184866666666667,S+S
J095120+382747,20230017379,147.8333,38.4622,182.0515336,9.47,-0.619926631,0.027338594,97.97,1298.99,9.62,0.027289666666666667,S+S
J145205+381059,20230016891,223.021,38.1596,174.5603801,10.4,0.681,0.032449871,111.19,1383.01,9.73,0.032409966666666665,S+E
J101427+405642,20230021563,153.6165,40.9497,154.9652994,10.544,-1.135882258,0.022950873,354.96,1016.12,9.35,0.023030866666666667,S+S
J131201+443549,20230026435,198.0008,44.5965,168.8946791,8.887,-0.696721137,0.028648807,59.05,601.73,9.29,0.028624000000000004,S+S
J125822+451622,20230027063,194.5941,45.2807,74.07414991,9.983,-0.202468961,0.027335828,175.66,1468.72,9.64,0.0272445,S+E
J134506+434810,20230062423,206.2785,43.8086,144.8036647,9.893,-0.302473694,0.037564684,265.3,656.74,9.56,0.03750213333333333,S+S
J133047+425707,20230024531,202.6867,42.9422,169.4672016,9.514,-0.453299314,0.027563158,202.83,761.29,9.35,0.0275475,S+S
J140753+412044,20230022104,211.9726,41.343,99.31090639,9.359,-0.264185965,0.029989311,170.68,1418.28,9.69,0.030026166666666666,S+S
J104923+431827,20230024981,162.346,43.3044,73.25934908,10.01,0.098,0.026010826,287.09,4533.37,10.12,0.0260568,S+S
J151157+364706,20230014629,227.9813,36.7822,160.9204887,10.116,0.3,0.044776779,247.23,1200.88,9.96,0.04480136666666667,S+S
J134627+503838,20230063004,206.6161,50.654,116.5853334,8.932603836,-0.604322374,0.014863323,121.23,2276.92,9.38,0.014855566666666667,S+S
J124411+414005,20230022470,191.0529,41.6711,164.480261,8.683,-1.061917067,0.016980102,99.22,1572.89,9.29,0.017034966666666665,S+S
J120714+423538,20230023920,181.796,42.5942,64.69702144,10.796,0.366,0.072367005,261.67,578.62,10.03,0.07227736666666666,S+S
J115857+431631,20230024955,179.742,43.2885,86.30391424,9.176,-1.240579724,0.031041184,45.49,833.01,9.52,0.031067266666666666,S+S
J135702+391143,20230018452,209.2544,39.1828,198.910175,10.022,0.047285896,0.054726843,162.37,932.05,10.0,0.05468973333333333,S+S
J143122+373348,20230016015,217.8407,37.5631,188.2296408,8.968135834,-0.560810566,0.027487416,193.01,1703.09,9.66,0.027469966666666665,S+S
J142458+352116,20230054486,216.2414,35.3484,111.3850811,9.581,-0.334844053,0.028896503,222.1,817.89,9.38,0.0288566,S+S
J100018+344901,20230011780,150.0793,34.7978,154.0205822,9.087,-0.359323382,0.038990889,231.06,1088.7,9.82,0.0388171,S+S
J120558+395135,20230019719,181.4757,39.8526,194.23532,9.125436783,-0.670909047,0.020973306,125.48,2016.51,9.53,0.02086546666666667,S+E
J150804+424908,20230024348,227.0157,42.8182,97.91482178,8.952,-0.914166689,0.018011451,40.78,861.85,9.06,0.018034866666666666,S+E
J125530+520337,20230033489,193.9015,52.0585,126.5285312,9.756,-0.145059079,0.037693724,141.07,537.74,9.48,0.037674766666666665,S+S
J131037+514242,20230033135,197.6551,51.6994,171.2241821,10.301,0.116,0.055304322,407.66,1888.36,10.32,0.05539139999999999,S+S
J152449+421021,20230023199,231.1988,42.1714,152.7207551,9.485,-0.728267908,0.018649809,138.66,2536.76,9.54,0.018605566666666667,S+S
J151202+435921,20230025763,228.0046,43.9913,85.73067151,9.314,-0.568096817,0.027459029,193.04,639.26,9.22,0.027390033333333334,S+S
J153423+295110,20230006152,233.5904,29.8484,158.1208762,9.059926987,-0.375340611,0.036562786,173.09,898.55,9.67,0.036493033333333334,S+S
J143925+363249,20230014222,219.855,36.5462,186.309248,10.279,0.233,0.052214738,166.25,1466.43,10.16,0.05215093333333334,S+S
J161556+312424,20230007330,243.9778,31.4025,121.5074706,10.166,0.022081302,0.022563387,279.61,3662.54,9.81,0.0225349,S+S
J155140+303629,20230006519,237.9112,30.6121,91.00366838,9.927,-0.221207321,0.032245394,154.03,791.36,9.4,0.0321919,S+S
J134842+363051,20230014182,207.1701,36.5192,104.3123112,9.784,-0.092512563,0.02353771,163.27,1170.02,9.4,0.0235171,S+S
J135902+355318,20230013060,209.7487,35.8908,195.1304456,9.411,-0.794169366,0.02711002,49.33,516.74,9.15,0.027073766666666665,S+S
J081750+520942,20230033555,124.4578,52.1595,147.1260055,8.808,-0.747625291,0.023536585,145.99,760.22,9.25,0.023456066666666667,S+S
J094847+641001,20230041518,147.1991,64.1543,199.2907097,9.465,-0.67124182,0.01004364,244.22,9185.7,9.65,0.010078033333333333,S+S
J074402+453020,20230027287,116.0039,45.4962,120.0980807,9.59867382,0.025696693,0.053800367,179.38,1029.61,10.02,0.0536769,S+S
J235213+000506,20230005058,358.052,0.0899,23.68629488,8.852,-2.811065435,0.021815063,55.87,1016.96,9.24,0.0218068,S+S
J082303+571054,20230038440,125.7652,57.1749,109.2458001,9.157,-0.862412512,0.026842514,180.39,934.66,9.45,0.026840933333333334,S+S
J084715+614805,20230041144,131.8098,61.8137,70.30483161,9.36,-0.810882092,0.027633704,138.43,1560.65,9.69,0.027586566666666666,S+S
J092953+301433,20230060713,142.4701,30.2436,141.153763,8.84,-0.865211904,0.025554469,120.84,865.14,9.38,0.025549799999999998,S+S
J124727+403359,20230020837,191.8624,40.5686,122.2165166,10.19,0.057,0.024737777,207.55,2867.78,9.84,0.0247038,S+E
J102151+350409,20230012000,155.467,35.0785,147.8130667,10.603,0.133,0.034752104,347.79,2641.62,10.12,0.034746566666666666,S+S
J120702+401159,20230062037,181.7655,40.1995,156.4471104,10.727,-0.05918894,0.037376855,428.71,1101.29,9.8,0.037464833333333336,S+E
J111932+353635,20230052072,169.8823,35.6125,115.8981424,8.95,-0.741176426,0.021407666,186.78,829.06,9.16,0.021428966666666667,S+S
J105130+360823,20230013520,162.8686,36.1336,122.082852,10.37,0.067,0.043512531,323.68,1971.59,10.17,0.04340226666666667,S+E
J135157+350338,20230058810,207.9599,35.0649,64.4358344,8.775653839,-0.772206962,0.024885932,104.41,1419.53,9.51,0.024627133333333336,S+S
J094014+313959,20230007681,145.0507,31.6642,182.8448806,9.419,-0.297845542,0.022246432,177.38,1263.04,9.4,0.0222006,S+S
J092147+344812,20230011793,140.4037,34.8108,87.62100743,9.06,-0.592737973,0.02451252,198.39,1982.82,9.71,0.024704166666666666,S+S
J103533+315623,20230008107,158.8836,31.9383,133.0969694,9.462,-0.499829352,0.035402298,183.17,1192.48,9.79,0.035314733333333334,S+S
J125145+342037,20230011436,192.9385,34.3367,199.4493249,9.304,-1.103940845,0.023183344,129.05,522.0,9.03,0.023141133333333334,S+S
J130017+345638,20230011886,195.0828,34.9465,178.5548239,9.993,-0.371730745,0.026937639,178.31,1075.52,9.51,0.026892333333333334,S+E
J140533+322701,20230008837,211.3962,32.4402,187.7613033,10.532,0.819,0.068426497,241.31,1020.77,10.23,0.06838766666666667,S+E
J125653+351900,20230012190,194.2146,35.3157,172.7036138,10.082,-0.161788642,0.033951599,209.15,790.0,9.58,0.03392043333333333,S+E
J130433+334208,20230061282,196.1345,33.7005,123.216112,9.962,-0.101049781,0.033425782,249.11,1362.09,9.8,0.03333716666666667,S+S
J132542+330821,20230061147,201.4248,33.1379,101.6194126,9.413,-0.856793404,0.025195729,143.62,766.64,9.27,0.025133,S+S
J111426+340404,20230011177,168.6156,34.0696,162.9013145,9.573,-0.786942482,0.024163645,247.92,882.26,9.34,0.024197766666666665,S+S
J133133+341547,20230011342,202.884,34.2631,180.6416165,9.526,-0.32389015,0.023438819,162.65,1609.14,9.53,0.023457533333333336,S+S
J123848+320541,20230008306,189.6949,32.0883,162.1561144,9.002275467,-0.486121625,0.01421708,172.38,3819.25,9.54,0.014428433333333332,S+S
J130850+330122,20230061119,197.2056,33.0285,109.4985292,9.208,-0.121336743,0.026780151,157.9,3060.7,9.95,0.026742466666666666,S+S
J132145+311414,20230060917,200.4378,31.238,90.91154374,10.586,0.508642018,0.024087768,92.01,2780.44,9.79,0.024210799999999998,S+S
J125258+322444,20230008781,193.2315,32.4029,97.70635704,9.231,-0.525461614,0.022638939,58.78,2554.82,9.69,0.0226332,S+S
J125359+323918,20230009195,193.4882,32.6528,84.9465251,8.956,-0.6112113,0.023168746,193.25,2398.64,9.69,0.023204866666666667,S+S
J121634+332658,20230010367,184.1326,33.4494,89.17599099,9.779,-0.570454359,0.022261174,224.14,1768.29,9.51,0.022230733333333336,S+S
J162553+413228,20230022324,246.439,41.5429,46.49693006,10.21,0.175,0.04227408,151.43,952.74,9.81,0.042428,S+S
J162318+510137,20230063083,245.8179,51.0243,65.55432903,8.655,-2.562554121,0.020242449,161.36,1050.54,9.22,0.0202601,S+S
J111536+302522,20230006354,168.8995,30.4244,132.5635484,9.811,-0.597744286,0.027873836,208.29,1307.44,9.65,0.0279503,S+S
J132055+301113,20230060692,200.195,30.2113,101.1300412,9.125,-0.606770754,0.030867418,72.97,586.7,9.46,0.03435653333333333,S+S
J114715+293504,20230006112,176.8118,29.5644,54.41729615,9.021,-0.864944637,0.023132445,155.96,590.32,9.08,0.022978533333333336,S+S
J161331+513450,20230032993,243.3868,51.5818,197.3195404,9.306,-1.123161674,0.029692566,84.32,1515.3,9.67,0.029700333333333336,S+S
