Galaxy,PID,RA_A,DEC_A,Z_A,RA_B,DEC_B,Z_B
J132921-004647,246,202.34009009159104,-0.7797445793247915,0.016448788344860077,202.4857189363198,-0.6135760164469696,0.016521774232387543
J032531-060744,1781,51.3808264059699,-6.128896938530848,0.034810785204172134,51.33070300121328,-6.205825721761495,0.0345369391143322
J122251-033121,1843,185.71445924616435,-3.5226757926337307,0.0725858137011528,185.73941496294793,-3.5130116733225587,0.07124828547239304
J110408+640447,2618,165.9718544271208,64.01442464941775,0.03225115314126015,166.03533902853283,64.07989271841787,0.032257892191410065
J081526+453531,2712,123.86094589664025,45.59221912524487,0.05100076645612717,123.87345478981926,45.63421248061128,0.05053199082612991
J082759+493325,2791,126.99699678899034,49.55713928973469,0.05319251865148544,127.07061120992346,49.593229416796085,0.054150890558958054
J080703+454035,2817,121.76275570792993,45.67641114370957,0.05022485926747322,121.75695153329616,45.70816039581544,0.04937604442238808
J090531+560126,2839,136.38128266771292,56.023944947046836,0.02544693648815155,136.31001097690893,56.089074943014424,0.02531624399125576
J101118+600045,3023,152.8265334634833,60.01269075613265,0.02216716669499874,152.99084892771492,59.871112399815495,0.022164467722177505
J094608+583149,3077,146.53669787945404,58.5305443819707,0.029942462220788002,146.47789734100547,58.51558382103537,0.030161209404468536
J094608+583149,3077,146.53669787945404,58.5305443819707,0.029942462220788002,146.47789734100547,58.51558382103537,0.030161209404468536
J081602+455853,3116,124.01002564706258,45.981536157454904,0.04389578849077225,124.12793011630944,46.002001923284006,0.0455259308218956
J135557+625731,3140,208.9882405958312,62.95861328405918,0.04422220587730408,209.16094966114582,62.998403668856625,0.044293735176324844
J090717+560005,3268,136.82362297300622,56.001604476353876,0.045224208384752274,136.85362123038368,56.012727071298954,0.04533809795975685
J090717+560005,3268,136.82362297300622,56.001604476353876,0.045224208384752274,136.85362123038368,56.012727071298954,0.04533809795975685
J083434+521309,3434,128.64338948091597,52.219169513524704,0.08265141397714615,128.6276721897879,52.23154379757366,0.08231224119663239
J074438+402158,3482,116.16140144909369,40.36635958000941,0.019823627546429634,116.09848028962048,40.34371780613488,0.01955896057188511
J074658+410628,3483,116.74542502686546,41.10803322855932,0.08579006791114807,116.73356139765423,41.14733394799157,0.08590228855609894
J075155+425119,3486,117.9794387496654,42.85552813991196,0.031789470463991165,117.89090829393973,42.91593417167673,0.032094985246658325
J082956+515824,3498,127.48444428634244,51.9734608861376,0.01742277666926384,127.27980472867935,52.032039738330965,0.017666133120656013
J075525+452621,3613,118.85635497259359,45.4393158975974,0.050703998655080795,118.83492027480463,45.45043904132845,0.050567325204610825
J075525+452621,3613,118.85635497259359,45.4393158975974,0.050703998655080795,118.83492027480463,45.45043904132845,0.050567325204610825
J091445+594334,3638,138.69071200735675,59.7263337222334,0.013836349360644817,139.1833918184726,59.774721448037816,0.013774177990853786
J100436+642913,3700,151.15012798599392,64.48700740525734,0.04033970832824707,151.2152285413829,64.47400978064677,0.040030788630247116
J171041+631046,3721,257.67476932591484,63.17970710777863,0.027076762169599533,257.6304003601241,63.23626409488051,0.02757502906024456
J080616+461719,3786,121.56670768432835,46.28865120917436,0.03620927408337593,121.61367373911915,46.3079181419563,0.035447604954242706
J075445+461312,3855,118.68961892606035,46.2202654576357,0.022227922454476357,118.79699774410554,46.30028513439011,0.022584933787584305
J152544+592109,4098,231.4348732222781,59.35266986668024,0.04526965692639351,231.57508123563608,59.35253626100072,0.046406954526901245
J145611+625000,4141,223.99279303263987,62.883493036219406,0.04253789782524109,224.0481051571082,62.833491419902195,0.04281338304281235
J164401+425232,4195,251.00428303843057,42.875689421213366,0.02776947058737278,251.0216695358149,43.00882194383534,0.02793232724070549
J102905+590712,7565,157.27155787294998,59.12022178997447,0.024041859433054924,157.277554596843,59.06270139360893,0.023499200120568275
J090309+521018,7601,135.7887691083136,52.17169380397662,0.06702417880296707,135.83410349943375,52.2230359641393,0.06767550110816956
J080531+393246,7675,121.38271525368393,39.54627757471968,0.0399569496512413,121.37523629919282,39.611007206023544,0.041211117058992386
J082826+463748,7740,127.11103142442082,46.63023780357951,0.05090411379933357,127.17185901997131,46.680842969163926,0.05076949670910835
J082827+471630,7754,127.11289286123412,47.27523357064571,0.05248837545514107,127.13885376965871,47.27084301789041,0.05304959788918495
J082827+471630,7754,127.11289286123412,47.27523357064571,0.05248837545514107,127.13885376965871,47.27084301789041,0.05304959788918495
J114336+640000,7773,175.90333718712014,64.00001389014415,0.04626830294728279,175.94699315486912,63.986545771572914,0.04681063070893288
J114336+640000,7773,175.90333718712014,64.00001389014415,0.04626830294728279,175.94699315486912,63.986545771572914,0.04681063070893288
J090553+484913,8657,136.47355909038276,48.820304457147465,0.03932810202240944,136.4533983708756,48.83050799795795,0.039239462465047836
J080305+372541,8670,120.77117433891235,37.42807281161919,0.03455502912402153,120.8790155304816,37.48859613525612,0.034020259976387024
J082152+415144,8682,125.46977041796909,41.86247132082238,0.03806694224476814,125.45939951437055,41.876278829157535,0.03805981203913689
J082152+415144,8682,125.46977041796909,41.86247132082238,0.03806694224476814,125.45939951437055,41.876278829157535,0.03805981203913689
J082342+420804,8684,125.92718331454574,42.13445344935624,0.03742260858416557,125.96630446796229,42.22208845075388,0.037565022706985474
J080742+394901,8749,121.92534619782094,39.81713178558326,0.06841620057821274,121.9259372079193,39.811511719442464,0.06860660016536713
J090033+493705,8759,135.13811797146886,49.618081352283404,0.037686124444007874,135.11164409258225,49.64783550454162,0.038000624626874924
J090033+493705,8759,135.13811797146886,49.618081352283404,0.037686124444007874,135.11164409258225,49.64783550454162,0.038000624626874924
J104854-004233,8811,162.22860914331974,-0.7093179567624021,0.02603709138929844,162.25836257017784,-0.7173135287213069,0.026116330176591873
J104854-004233,8811,162.22860914331974,-0.7093179567624021,0.02603709138929844,162.25836257017784,-0.7173135287213069,0.026116330176591873
J152246+592109,9327,230.69564640810796,59.352608531315674,0.07614468038082123,230.75808237628866,59.38367482910885,0.07598075270652771
J111244+580648,9527,168.18477781401083,58.113371188345575,0.03205908089876175,168.20229590466425,57.99990160615877,0.03223744034767151
J132955+583018,9609,202.48300574498973,58.50509020671498,0.06327758729457855,202.5121987419426,58.49047508406096,0.06343670934438705
J100721+553009,9643,151.84141824549616,55.502752263999476,0.032701946794986725,151.85815437909437,55.5051324702118,0.032544270157814026
J101439+561010,9647,153.663798996935,56.16966524186008,0.026960311457514763,153.68879617752108,56.18833362112546,0.025652796030044556
J125423+604429,9793,193.5996834462399,60.741606168379406,0.05843907967209816,193.63181042400998,60.76084905367575,0.05837099999189377
J164240+401008,10141,250.66802263626676,40.169096614616194,0.032454025000333786,250.73882214759763,40.130253741187026,0.03205141797661781
J154246+531905,10152,235.69346268287674,53.31824230449932,0.04144973307847977,235.78501750313185,53.24622830859996,0.041771259158849716
J171140+323354,10216,257.9195533928384,32.5651674188701,0.036526162177324295,257.9953791640911,32.53444484150504,0.03802116587758064
J161721+425323,10272,244.3415182556194,42.889743836572556,0.059122711420059204,244.39521428450558,42.882502913288334,0.06078005209565163
J123223+624319,10502,188.09909694572525,62.72200655288891,0.03459985926747322,188.25049974842418,62.70364333047524,0.034728217869997025
J163215+405130,10637,248.06575813999757,40.858509961973766,0.029431331902742386,248.16580897438183,40.85853067705864,0.028412742540240288
J163727+393250,10641,249.36312651305286,39.547384491084,0.03143460303544998,249.4500244876674,39.50350480025488,0.03137115016579628
J170039+324534,10652,255.16279984973875,32.759584741656084,0.036611057817935944,255.1225049181429,32.732688954870966,0.0367514006793499
J164115+391724,10665,250.31305608284816,39.2900752257183,0.030542297288775444,250.26802192075075,39.33155264148922,0.02973724715411663
J164324+392059,10689,250.85383894555008,39.3499714088179,0.03075132891535759,250.85807908055546,39.33111423403108,0.030603835359215736
J164324+392059,10689,250.85383894555008,39.3499714088179,0.03075132891535759,250.85807908055546,39.33111423403108,0.030603835359215736
J113921+623432,10849,174.8398918622614,62.575557252968686,0.03295581415295601,174.91697241457638,62.6010931500109,0.03276726230978966
J113921+623432,10849,174.8398918622614,62.575557252968686,0.03295581415295601,174.91697241457638,62.6010931500109,0.03276726230978966
J133402+614340,10863,203.51188697215247,61.72779471116009,0.031180089339613914,203.56352865384812,61.69719689754891,0.0311950221657753
J133854-014640,11270,204.72631795953333,-1.7778628461528942,0.022287923842668533,204.6806293753827,-1.7041683589868493,0.02229646034538746
J135012-022611,11403,207.55347718581123,-2.4365079731361763,0.023830683901906013,207.52984940252412,-2.420503967688874,0.024095090106129646
J135012-022611,11403,207.55347718581123,-2.4365079731361763,0.023830683901906013,207.52984940252412,-2.420503967688874,0.024095090106129646
J140243-022004,11409,210.6820240136091,-2.334546742357457,0.024357914924621582,210.69420050920408,-2.295895773699842,0.02487785369157791
J140243-022004,11409,210.6820240136091,-2.334546742357457,0.024357914924621582,210.69420050920408,-2.295895773699842,0.02487785369157791
J143514-020500,11417,218.81151787386202,-2.083433018381575,0.05045230686664581,218.78605975088504,-2.0617609676879307,0.050931092351675034
J143514-020500,11417,218.81151787386202,-2.083433018381575,0.05045230686664581,218.78605975088504,-2.0617609676879307,0.050931092351675034
J144728-013802,11475,221.8678184949195,-1.6339243960501613,0.04264502599835396,221.8882608641669,-1.6456632008969714,0.04283624887466431
J144728-013802,11475,221.8678184949195,-1.6339243960501613,0.04264502599835396,221.8882608641669,-1.6456632008969714,0.04283624887466431
J163926+403609,11555,249.85836521557033,40.60250559551288,0.03472729027271271,249.77558607243108,40.66756133461191,0.03467562049627304
J171853+301136,11644,259.7226709093727,30.193387518163032,0.014822610653936863,259.7050969975614,30.170400394365377,0.014767743647098541
J171853+301136,11644,259.7226709093727,30.193387518163032,0.014822610653936863,259.7050969975614,30.170400394365377,0.014767743647098541
J151038-022922,11718,227.65871501830242,-2.4895946556857718,0.03691327944397926,227.67887589794532,-2.4818176708451904,0.03735237941145897
J031749-003316,12841,49.45745050395206,-0.5546654092023997,0.021016694605350494,49.51159852185978,-0.5390105012746327,0.021046044304966927
J032249-003644,12842,50.70796223638192,-0.612382668361006,0.03531220555305481,50.70167878091027,-0.6201861179882591,0.036709271371364594
J085103+401909,12963,132.76336958522424,40.31928795346045,0.024240033701062202,132.64115965563693,40.39798726709408,0.024021301418542862
J101937+534202,13273,154.90638507427448,53.7007412348596,0.04723501577973366,154.98084527222198,53.70065335863411,0.04759547859430313
J101937+534202,13273,154.90638507427448,53.7007412348596,0.04723501577973366,154.98084527222198,53.70065335863411,0.04759547859430313
J100836+492638,13329,152.15326445324246,49.44389830980145,0.05095779895782471,152.14735938363012,49.5078252995035,0.0509316585958004
J095358+493759,13357,148.49377220812616,49.63319063107451,0.0541817806661129,148.48810326320157,49.63189882499401,0.05394956097006798
J091251+434006,13378,138.2145131131076,43.66853541966812,0.06037484109401703,138.17030341411566,43.63702243246625,0.05995345488190651
J091251+434006,13378,138.2145131131076,43.66853541966812,0.06037484109401703,138.17030341411566,43.63702243246625,0.05995345488190651
J083445+382031,13396,128.6881979884171,38.342174179895906,0.040192633867263794,128.6662137874675,38.36242889288784,0.04075935110449791
J083445+382031,13396,128.6881979884171,38.342174179895906,0.040192633867263794,128.6662137874675,38.36242889288784,0.04075935110449791
J075943+312712,13409,119.93038480134379,31.45343487996759,0.04409006983041763,119.94501637860267,31.483127202327086,0.04492972418665886
J075943+312712,13409,119.93038480134379,31.45343487996759,0.04409006983041763,119.94501637860267,31.483127202327086,0.04492972418665886
J084118+395352,13419,130.25623017098988,39.91619239549398,0.056885894387960434,130.32825938667418,39.897909018535614,0.05701219663023949
J094833+472203,13496,147.1392957083353,47.367646975603456,0.032550420612096786,147.1751778555534,47.345492645826276,0.03232356160879135
J094833+472203,13496,147.1392957083353,47.367646975603456,0.032550420612096786,147.1751778555534,47.345492645826276,0.03232356160879135
J114431+534058,13519,176.12961977433218,53.68283979461993,0.02729492262005806,176.09441020454352,53.697916603865366,0.02658957801759243
J120219+535921,13528,180.58272549692802,53.989276690338386,0.06384719908237457,180.68768513600588,53.980357312945515,0.0647284984588623
J122314+545804,13594,185.81129484780072,54.9679283973154,0.03358950465917587,185.83591597985895,54.88199696981318,0.033766139298677444
J122016+554305,13682,185.07021147469277,55.71816650456261,0.03051081672310829,185.0976703963847,55.73280158562679,0.030924027785658836
J122016+554305,13682,185.07021147469277,55.71816650456261,0.03051081672310829,185.0976703963847,55.73280158562679,0.030924027785658836
J083124+391104,13751,127.85165043064762,39.18454785628508,0.030148176476359367,127.76841717102627,39.21734514137746,0.030040254816412926
J083320+392520,13753,128.3367281522167,39.42247169753356,0.029839828610420227,128.4407760747278,39.416005655292786,0.02818387746810913
J075420+324628,13812,118.58497322923029,32.774634625595205,0.017741462215781212,118.77439228532401,32.72865782048853,0.017843272536993027
J090729+454810,13936,136.87191747557225,45.80302107157981,0.040436092764139175,136.84821457474953,45.771366160284835,0.03956766799092293
J090729+454810,13936,136.87191747557225,45.80302107157981,0.040436092764139175,136.84821457474953,45.771366160284835,0.03956766799092293
J081757+374510,13946,124.49037861746027,37.753016089676585,0.04141576588153839,124.52116703152453,37.77402136417151,0.04148256778717041
J081757+374510,13946,124.49037861746027,37.753016089676585,0.04141576588153839,124.52116703152453,37.77402136417151,0.04148256778717041
J081121+365649,13978,122.84120191811456,36.947104929604514,0.029868124052882195,122.93617556440608,36.99795899861085,0.030247123911976814
J090059+463320,14012,135.24986321550494,46.5556334316148,0.04018963500857353,135.18270576516414,46.626115573361645,0.03999187424778938
J100739+460926,14199,151.91452549426194,46.157487124729975,0.024698343127965927,151.89485363468128,46.09397389562046,0.02430061623454094
J112718+505713,14285,171.82670536435234,50.95387123396878,0.03370806574821472,171.93761027297398,50.91008285448234,0.032067667692899704
J085723+391602,14327,134.34856864360358,39.26748017593423,0.02845139428973198,134.51718438819398,39.263212267981764,0.02768629975616932
J094754+452806,14341,146.97902041694908,45.468462835312536,0.015331191010773182,146.66281815476523,45.43550315998245,0.016146764159202576
J102443+482439,14348,156.1821094658032,48.41099395033528,0.02513398975133896,156.19414263798006,48.439784369965416,0.02525881491601467
J102443+482439,14348,156.1821094658032,48.41099395033528,0.02513398975133896,156.19414263798006,48.439784369965416,0.02525881491601467
J103316+490156,14355,158.3204097817915,49.03224841949609,0.045211680233478546,158.33538813497753,49.0167683990229,0.04544149711728096
J080443+295603,14399,121.17928780885536,29.934346005258334,0.0349825918674469,121.18500917379161,29.98392367825596,0.03468004986643791
J080443+295603,14399,121.17928780885536,29.934346005258334,0.0349825918674469,121.18500917379161,29.98392367825596,0.03468004986643791
J081949+330536,14404,124.95715007594347,33.09358190632794,0.06233486533164978,124.9604482325324,33.054996146419825,0.06179279461503029
J084411+373620,14412,131.04970560863785,37.60566342131368,0.026274025440216064,130.92529616660144,37.68258639202055,0.026435639709234238
J084758+385012,14480,131.9920198157879,38.836709579056524,0.027458928525447845,132.02347736836083,38.91017496436726,0.027536563575267792
J085129+391355,14481,132.8748422958065,39.23199466237914,0.029104478657245636,132.89267979515242,39.13046362329108,0.029506860300898552
J091723+430012,14489,139.34670154541342,43.00347536150233,0.06270862370729446,139.363183925962,42.96671396592455,0.06185537949204445
J091723+430012,14489,139.34670154541342,43.00347536150233,0.06270862370729446,139.363183925962,42.96671396592455,0.06185537949204445
J100409+530327,14621,151.03935743223437,53.05774276746427,0.04005788639187813,151.02584310911257,53.088860178018045,0.04033365100622177
J100409+530327,14621,151.03935743223437,53.05774276746427,0.04005788639187813,151.02584310911257,53.088860178018045,0.04033365100622177
J094759+515239,14713,146.99915552832627,51.87752998544973,0.047393932938575745,147.03963698711837,51.894549141960894,0.047846946865320206
J095236+521318,14714,148.15364940295953,52.22184789093836,0.03917541354894638,148.00122393820106,52.25790905450548,0.03949625417590141
J100009+532918,14732,150.03832753768788,53.48846284958449,0.03913192078471184,150.08584105716218,53.516862264028276,0.03926612436771393
J100009+532918,14732,150.03832753768788,53.48846284958449,0.03913192078471184,150.08584105716218,53.516862264028276,0.03926612436771393
J091504+415949,14819,138.76998558618772,41.996945231246805,0.02791973017156124,138.75304818172373,42.02443607810679,0.027897361665964127
J091504+415949,14819,138.76998558618772,41.996945231246805,0.02791973017156124,138.75304818172373,42.02443607810679,0.027897361665964127
J101252+471612,14933,153.22058426698226,47.2702282473983,0.03899739682674408,153.21362558900717,47.29494789855225,0.03953605890274048
J120749+522051,14974,181.958128280371,52.34750569029991,0.062172289937734604,182.02755364044748,52.3392281000991,0.06210486590862274
J102559+494252,15011,156.4974813870095,49.714513258439226,0.04301545023918152,156.56283544842384,49.71947726219695,0.043391551822423935
J115055+530156,15020,177.73325796605835,53.032299409410776,0.06682071834802628,177.7195262422864,53.0667386791005,0.06646762043237686
J123005+531210,15025,187.5213242625237,53.202868963217185,0.04065345227718353,187.59231323043326,53.18101533701048,0.04037095233798027
J123005+531210,15025,187.5213242625237,53.202868963217185,0.04065345227718353,187.59231323043326,53.18101533701048,0.04037095233798027
J115056+532221,15038,177.73727884015102,53.372772727948885,0.032378051429986954,177.73918095171885,53.38897383262658,0.03260324150323868
J115056+532221,15038,177.73727884015102,53.372772727948885,0.032378051429986954,177.73918095171885,53.38897383262658,0.03260324150323868
J090738+374020,15055,136.91040925976029,37.67235833369257,0.023233553394675255,136.94703627558783,37.5838401648719,0.021636540070176125
J091041+383716,15074,137.67328604257887,38.621263523054466,0.0474579781293869,137.66535970710567,38.640158573566815,0.04702255129814148
J100152+442838,15109,150.46793735755867,44.47742007408504,0.03313780203461647,150.45879823815926,44.573735870000995,0.03307252377271652
J082850+315701,15209,127.20858455292554,31.95042135743676,0.06212609261274338,127.17400424928579,31.990526073740412,0.06186964735388756
J130438+483211,15339,196.158427384597,48.53642247036168,0.03558850660920143,196.14928747636208,48.520415667754044,0.035115402191877365
J111555+481554,15405,168.91592009619615,48.299641687728894,0.025455160066485405,168.98016540928205,48.26525473367916,0.025479372590780258
J125617+490756,15424,194.07382326798896,49.13248399531128,0.030743394047021866,194.10818995793912,49.25679428693708,0.030144378542900085
J140538+462328,15439,211.4093285600033,46.391133664432154,0.06684476137161255,211.4227107874607,46.42745252740028,0.06740539520978928
J145043+424602,15449,222.68218363454048,42.767427257831066,0.018483810126781464,222.67378618716918,42.739631282429634,0.01818712428212166
J145043+424602,15449,222.68218363454048,42.767427257831066,0.018483810126781464,222.67378618716918,42.739631282429634,0.01818712428212166
J092736+412113,15571,141.9041391457672,41.353737672329174,0.033428385853767395,142.04664524538478,41.367552476217426,0.033721499145030975
J121919+502354,15610,184.83045246427457,50.39836426911974,0.029835062101483345,184.89433514423524,50.34858590928138,0.029376449063420296
J131222+493516,15622,198.09244158744954,49.587906337943,0.05472598969936371,198.05389769509975,49.60872136335356,0.05453219264745712
J101659+463036,15660,154.24813701410176,46.51014928143033,0.030399106442928314,154.24395740813785,46.491760828403095,0.030446214601397514
J115232+502726,15681,178.1359691963654,50.4573666783152,0.03263552859425545,178.28698663238353,50.473888023991584,0.0332910418510437
J130828+500012,15699,197.11904607118515,50.00339546944714,0.04786135256290436,197.18576502439566,50.034293452522085,0.047407954931259155
J121407+511349,15752,183.53265548436207,51.23036787217689,0.027174033224582672,183.54864962409928,51.14746082293484,0.02689451538026333
J115218+585657,16142,178.078086691453,58.94928559043851,0.04621674492955208,178.10770775071143,58.974489020781974,0.04642322286963463
J131739+590252,16186,199.4149888426077,59.048026247997285,0.02775636315345764,199.43252999445133,59.075929188821156,0.028008855879306793
J131739+590252,16186,199.4149888426077,59.048026247997285,0.02775636315345764,199.43252999445133,59.075929188821156,0.028008855879306793
J130307+601458,16222,195.7809520545342,60.24966090249374,0.060365937650203705,195.85023713932932,60.20695995986346,0.05992845445871353
J130531+601010,16223,196.38315317201835,60.16948732329246,0.06120213866233826,196.40644150879524,60.172743315542796,0.06023789569735527
J111157+482649,17245,167.9879628777543,48.44720689028118,0.02623225376009941,168.0372528598781,48.37622249987035,0.026366082951426506
J120602+502457,17308,181.51003570916626,50.41595428589766,0.023470114916563034,181.74664793232876,50.45211276033848,0.023305293172597885
J120639+502408,17310,181.66651230848746,50.40224145719045,0.06270106881856918,181.73424531121447,50.425766953079965,0.06369505822658539
J101842+493713,17388,154.67834447007095,49.620398807119194,0.05410389602184296,154.68528456836822,49.62710954123836,0.053536973893642426
J101842+493713,17388,154.67834447007095,49.620398807119194,0.05410389602184296,154.68528456836822,49.62710954123836,0.053536973893642426
J115651+533928,17401,179.2141532663028,53.65802509117369,0.05176669731736183,179.17123548102862,53.664098207547745,0.05189051851630211
J115651+533928,17401,179.2141532663028,53.65802509117369,0.05176669731736183,179.17123548102862,53.664098207547745,0.05189051851630211
J130837+540427,17486,197.15660803122952,54.07443388170436,0.008212068118155003,197.28646490347765,53.94362530790036,0.008350931107997894
J131045+532024,17676,197.69138483469848,53.34008249340585,0.029084257781505585,197.81380810566984,53.38181391666456,0.029926475137472153
J131901+533837,17690,199.75832779109288,53.64367767319603,0.03250787407159805,199.76008648707494,53.64843141716042,0.03255078196525574
J131901+533837,17690,199.75832779109288,53.64367767319603,0.03250787407159805,199.76008648707494,53.64843141716042,0.03255078196525574
J152056+454305,17868,230.23580784757576,45.71814419092356,0.02712303400039673,230.23653251057056,45.72182044315432,0.02711305394768715
J135507+565339,18021,208.7830353439591,56.8944179022885,0.05412354692816734,208.7917378630582,56.905818717079846,0.054116446524858475
J140937+560448,18024,212.40453372111494,56.080047897557606,0.02962763048708439,212.47748670131932,56.09066954648811,0.02979804016649723
J140937+560448,18024,212.40453372111494,56.080047897557606,0.02962763048708439,212.47748670131932,56.09066954648811,0.02979804016649723
J141906+562901,18038,214.7767308180217,56.48372320042502,0.029302304610610008,214.8308550981157,56.5037660011842,0.029680823907256126
J150721+524755,18098,226.83888985144628,52.798752734341036,0.0378541499376297,226.76976112381442,52.78985740940133,0.03747481852769852
J162139+360943,18186,245.41540448016252,36.16219974501775,0.028495563194155693,245.399327660084,36.15057218114758,0.02830529399216175
J151643+473127,18202,229.17930054463142,47.52422510276634,0.028896616771817207,229.14065039986917,47.523849540941214,0.029215799644589424
J151643+473127,18202,229.17930054463142,47.52422510276634,0.028896616771817207,229.14065039986917,47.523849540941214,0.029215799644589424
J155710+413236,18220,239.29377144431191,41.543599979551566,0.034450020641088486,239.34938047342962,41.53158086899105,0.03440709412097931
J155710+413236,18220,239.29377144431191,41.543599979551566,0.034450020641088486,239.34938047342962,41.53158086899105,0.03440709412097931
J161324+381617,18223,243.35331085274802,38.27150397694611,0.04261411726474762,243.366442543125,38.24576998358664,0.042403530329465866
J161324+381617,18223,243.35331085274802,38.27150397694611,0.04261411726474762,243.366442543125,38.24576998358664,0.042403530329465866
J155957+412840,18257,239.9879625764771,41.47779432327642,0.03325088694691658,240.0147997236233,41.479312106020394,0.03349166363477707
J164614+312829,18278,251.56095070064154,31.474906008064035,0.049611542373895645,251.60098432165407,31.442809738784124,0.050537094473838806
J153812+461125,18315,234.55264699721454,46.19050120585013,0.03751072287559509,234.7028843878126,46.171077526699904,0.0366954430937767
J144304+532551,18370,220.7698420577873,53.4308628958351,0.03797956556081772,220.711885144894,53.42833872699039,0.038119904696941376
J144304+532551,18370,220.7698420577873,53.4308628958351,0.03797956556081772,220.711885144894,53.42833872699039,0.038119904696941376
J145146+523510,18371,222.94425398105702,52.58634237624545,0.06523220241069794,222.9339345177461,52.58648760778498,0.0659281462430954
J163716+355844,18437,249.31858142047435,35.97904755434678,0.037610821425914764,249.4009352366691,36.05710574243955,0.03755537420511246
J161741+405601,18660,244.42296406783584,40.9338200214275,0.0620947889983654,244.39931553731066,40.881217582013754,0.06261346489191055
J162619+390656,18661,246.58133267520662,39.115637086338495,0.05490117892622948,246.5979007381975,39.081817267993635,0.05484260991215706
J162831+390611,18685,247.13276745021443,39.103328005388704,0.03339439630508423,247.10064489075995,39.13819163229647,0.03225342184305191
J103438+432057,19297,158.6624606705223,43.34936954400157,0.028792310506105423,158.78147189104016,43.34482116072777,0.02881346084177494
J120204+462349,19323,180.52082163007796,46.39704335985531,0.043637339025735855,180.51151429675969,46.44902381909845,0.045176513493061066
J095010+402442,19342,147.543014200292,40.41186877319512,0.047323983162641525,147.62257878289367,40.411385941915654,0.04734110087156296
J083548+311021,19376,128.9537411224645,31.172536742880418,0.07157275825738907,128.95597833677795,31.208149396332413,0.07130394130945206
J083548+311021,19376,128.9537411224645,31.172536742880418,0.07157275825738907,128.95597833677795,31.208149396332413,0.07130394130945206
J084409+323632,19380,130.98157241439324,32.58449818456314,0.06667657196521759,131.0397302801365,32.608903827753316,0.06660724431276321
J092837+383221,19392,142.15647987340583,38.53922004343195,0.012141624465584755,142.16607427975757,38.563612168742985,0.01244515459984541
J092837+383221,19392,142.15647987340583,38.53922004343195,0.012141624465584755,142.16607427975757,38.563612168742985,0.01244515459984541
J083108+305344,19426,127.78487075609227,30.89560778258947,0.07372046262025833,127.81484788333658,30.894867987863847,0.07307173311710358
J112546+470000,19481,171.44500856973372,47.00011528877993,0.03416924178600311,171.44059406197294,47.002476621861646,0.03421016409993172
J113326+471712,19483,173.36193844941053,47.28671423552991,0.045553915202617645,173.35434427920092,47.25494628302089,0.04534872993826866
J113326+471712,19483,173.36193844941053,47.28671423552991,0.045553915202617645,173.35434427920092,47.25494628302089,0.04534872993826866
J103434+450907,19502,158.6426047596116,45.15196437089921,0.02532738633453846,158.67162971446552,45.2769953100797,0.025758715346455574
J112754+472346,19517,171.97881503775423,47.39614933262978,0.0326835997402668,171.89796955573578,47.37945875128365,0.032730333507061005
J085906+331043,19839,134.77582887052301,33.17869401042983,0.04459762200713158,134.76174729333044,33.20628507940626,0.04424608126282692
J085906+331043,19839,134.77582887052301,33.17869401042983,0.04459762200713158,134.76174729333044,33.20628507940626,0.04424608126282692
J090501+335506,19842,136.2562705117624,33.918449342316556,0.04387396574020386,136.23058089687711,33.95616230721069,0.04349024221301079
J083552+302532,19869,128.9704564512454,30.425685608024075,0.02521240897476673,128.8877148810082,30.53427664846107,0.025502411648631096
J085512+322825,20006,133.80179379455353,32.4736304255933,0.07598713785409927,133.84429935759383,32.49249247588822,0.0760745033621788
J094706+344524,20950,146.7752910334724,34.75679722533004,0.04070313647389412,146.77945633637654,34.757800456017314,0.040625426918268204
J095911+363717,21015,149.79986028566856,36.62154818040674,0.040992431342601776,149.86965650637154,36.658506391481836,0.04124060645699501
J095736+365635,21047,149.40217164820095,36.943095750598495,0.04060065373778343,149.38713888314368,37.012516169490354,0.040763385593891144
J124009+484850,21108,190.0412224140112,48.81404270459291,0.029203426092863083,190.0891677208755,48.801487848913006,0.02918459288775921
J140644+471602,21178,211.68509179237026,47.2672315434874,0.05986154079437256,211.68895152150975,47.24959109292359,0.05918054282665253
J140644+471602,21178,211.68509179237026,47.2672315434874,0.05986154079437256,211.68895152150975,47.24959109292359,0.05918054282665253
J150324+420327,21205,225.85408832751415,42.057571982542505,0.016802294179797173,225.91548882048642,42.12631674524684,0.017311936244368553
J142555+462853,21221,216.48105556383433,46.48157884821828,0.03316379338502884,216.48424143993208,46.44972474328513,0.03310875594615936
J142555+462853,21221,216.48105556383433,46.48157884821828,0.03316379338502884,216.48424143993208,46.44972474328513,0.03310875594615936
J102522+425752,21328,156.3437069447121,42.96469201619184,0.048449620604515076,156.40502626134665,42.95929542889338,0.048682428896427155
J102522+425752,21328,156.3437069447121,42.96469201619184,0.048449620604515076,156.40502626134665,42.95929542889338,0.048682428896427155
J122143+464845,21354,185.42951022226646,46.81255035778833,0.02447367273271084,185.26342811032367,46.79000857602303,0.024477189406752586
J115147+465222,21369,177.94841548931737,46.87305511386334,0.018937069922685623,178.05153058509504,46.89142638750721,0.019126011058688164
J121203+470611,21376,183.01368463819585,47.10310504620764,0.03222518414258957,183.05316390662762,47.04944813825433,0.03154057264328003
J121625+471541,21377,184.10575373474177,47.26144541125684,0.02421366050839424,184.30595614078754,47.34670796190961,0.02421882376074791
J110147+455225,21407,165.44755450880436,45.87378729977311,0.021917037665843964,165.5443561631161,45.893845916978044,0.02262592688202858
J110029+461434,21435,165.12105067488005,46.24292293490456,0.05397249385714531,165.1614827186411,46.297213807678645,0.054113756865262985
J112435+473650,21473,171.14883186099303,47.614019752463385,0.03339635953307152,171.22498365443403,47.66002381413277,0.033453457057476044
J125015+470134,21534,192.56368567032507,47.026122521367576,0.05340167135000229,192.59873099719914,46.98362216598142,0.05332470312714577
J131141+465746,21568,197.92473093034315,46.962883358642934,0.05338744446635246,197.9150226232502,46.91809051039218,0.05310980603098869
J101010+362753,21644,152.521255765002,36.41529851252907,0.04132602736353874,152.54225691050584,36.464841166286575,0.041070252656936646
J101229+363654,21645,153.12351706471205,36.61525544422294,0.03427712991833687,153.093128878394,36.516521473525096,0.03457079082727432
J104148+384310,21662,160.45022859611,38.71961413683237,0.03815558925271034,160.4866810139386,38.720948248710414,0.03725828975439072
J104451+384521,21663,161.21518274458953,38.75596741661408,0.033281389623880386,161.29097382314018,38.714508357467174,0.03240125998854637
J091837+332317,21771,139.65570666551838,33.38812080965456,0.042081933468580246,139.67279633018046,33.41807038787322,0.042253367602825165
J100846+383805,21819,152.19309435249778,38.634954771339096,0.05618003010749817,152.1535368938993,38.64703240322239,0.05579216778278351
J155534+423646,22001,238.89195053362874,42.61303174560182,0.04525141417980194,238.9484811592411,42.607245802618046,0.04566597938537598
J162142+374535,22012,245.42728788839923,37.7598806847268,0.03294788673520088,245.41050881048,37.68805253963714,0.03231508284807205
J133509+565140,22087,203.7899188631739,56.861324288691534,0.03913739696145058,203.80167158517713,56.856021961531084,0.03916870802640915
J160021+430255,22122,240.0622545678806,43.1096012176661,0.04444709047675133,240.09007045584042,43.04869049943172,0.04425854980945587
J135619+551004,22268,209.0797859508071,55.16782099231125,0.040825311094522476,209.19854689205954,55.20676580601903,0.040741223841905594
J140515+553950,22345,211.22076376291218,55.67794548944461,0.036068569868803024,211.31560996945865,55.664099045848,0.03565029054880142
J150557+381640,22378,226.48783027775437,38.27779324914944,0.04907328262925148,226.5619124524909,38.2689440736759,0.04867497831583023
J123110+470100,22381,187.79209418376485,47.016765427054914,0.04195648431777954,187.80265309701556,46.95328553394223,0.042150866240262985
J130708+461834,22388,196.78399050986675,46.30955367739941,0.02464211918413639,196.75504289878916,46.3094307643665,0.024456743150949478
J131209+461143,22392,198.03970047963458,46.19539689682881,0.028655769303441048,198.11486084047047,46.23316480780536,0.02742796391248703
J135746+450227,22451,209.39682423689504,45.08401291307625,0.042811378836631775,209.44437614025892,45.04087323946891,0.04269316419959068
J125059+482403,22507,192.74699669787907,48.401072110109574,0.04989876225590706,192.76852737130164,48.408541415025695,0.049425262957811356
J160451+303133,22608,241.21558220613832,30.52599767150819,0.05539663881063461,241.23415561072972,30.525731520680598,0.055368147790431976
J160451+303133,22608,241.21558220613832,30.52599767150819,0.05539663881063461,241.23415561072972,30.525731520680598,0.055368147790431976
J160513+302759,22609,241.3045384880404,30.466598043082556,0.05550266057252884,241.34657090739654,30.43934901597211,0.055512867867946625
J150659+395925,22723,226.6888463056086,39.95632089426675,0.05126335099339485,226.74776200348134,39.99052828128775,0.051125239580869675
J113536+432836,23169,173.90244299002762,43.47688731768358,0.024304401129484177,174.02077702661143,43.47417960134838,0.024419516324996948
J124627+434743,23187,191.61331883464538,43.795397581646746,0.04054107517004013,191.63896110808798,43.74274750239026,0.040528226643800735
J122336+443242,23245,185.90069807044745,44.54503072151971,0.04784734174609184,185.99426604538024,44.54070176349539,0.047866325825452805
J131834+433430,23256,199.64501596299516,43.57520103179027,0.035375770181417465,199.75924763173026,43.62947570334173,0.03469517081975937
J095121+381952,23298,147.8399314013206,38.33116339288768,0.02724701352417469,147.8344902354858,38.463083636479695,0.02733859419822693
J141548+405928,23357,213.9503031485724,40.99116451664612,0.04120272770524025,213.9882380022808,41.083279397332305,0.041785795241594315
J134509+434336,23536,206.2888214406707,43.72685757537665,0.037813469767570496,206.27702012586033,43.80299358760654,0.037564683705568314
J143525+403035,23547,218.85451956818025,40.50991564760237,0.062102485448122025,218.9184890234675,40.52969350596947,0.06210270896553993
J134030+442211,23606,205.12870332974808,44.36985173896983,0.03363678976893425,205.2075523528584,44.35422900771238,0.03372339904308319
J134200+424536,23776,205.50036870952636,42.76001931984444,0.03466847166419029,205.49366665894757,42.74153332596735,0.034214768558740616
J140746+411701,23783,211.94444420966414,41.28384114952557,0.030240872874855995,211.97175838173175,41.3456313314513,0.02998931147158146
J124345+455329,23960,190.93870988862312,45.89158197273365,0.053193651139736176,190.96929834076462,45.8888475762733,0.05305064469575882
J142710+472755,24582,216.79494531904652,47.46546955019292,0.07073698937892914,216.72029498102796,47.477621232678,0.07021734863519669
J134628+502936,24592,206.6197145857476,50.493424703480144,0.015061047859489918,206.61478637374506,50.644074322846244,0.014863323420286179
J113113+403911,24647,172.80603850376463,40.65313820890513,0.04471544921398163,172.80322715132561,40.6722042217655,0.044638317078351974
J124331+413121,24704,190.8799820838178,41.522748469321364,0.0167361069470644,191.04690828401152,41.66822540551004,0.01698010228574276
J130231+414157,24740,195.6292875267466,41.699366037528094,0.053858205676078796,195.66051648887367,41.7187707485235,0.053716305643320084
J115914+423400,24772,179.81247544603832,42.56685382037343,0.03036709688603878,179.67949915009393,42.60835250813091,0.03085080161690712
J131950+415857,24827,199.96105791193844,41.98256054726649,0.05340101197361946,199.98555750338085,42.010535410148385,0.05365273356437683
J112558+423511,24841,171.49257946308055,42.5866266531447,0.0729183778166771,171.50125775056927,42.638263725026,0.07338621467351913
J121829+433159,24855,184.62173109785164,43.53320720786899,0.02417440339922905,184.6650973425596,43.53864181044433,0.023918824270367622
J121829+433159,24855,184.62173109785164,43.53320720786899,0.02417440339922905,184.6650973425596,43.53864181044433,0.023918824270367622
J120938+420034,25434,182.40877611406557,42.00968016229094,0.022880636155605316,182.378260169376,42.01983388615507,0.02223370410501957
J120938+420034,25434,182.40877611406557,42.00968016229094,0.022880636155605316,182.378260169376,42.01983388615507,0.02223370410501957
J123521+422002,25505,188.83762467344155,42.334087778005696,0.03882135450839996,188.90413513074319,42.34002756504841,0.0389641672372818
J143100+372703,25525,217.75060286233668,37.45105169980671,0.02746760845184326,217.84578720599484,37.563452864217005,0.027487415820360184
J133111+414630,25645,202.79610553760085,41.775236615038786,0.03498036414384842,202.80240653662943,41.79619422824178,0.03488234803080559
J143758+382130,25697,219.4950606115043,38.358555485748035,0.035550445318222046,219.49675944888966,38.36513839693752,0.03527946397662163
J143758+382130,25697,219.4950606115043,38.358555485748035,0.035550445318222046,219.49675944888966,38.36513839693752,0.03527946397662163
J141152+354556,26061,212.97077593058145,35.765665022356956,0.034027099609375,212.96772534039258,35.73727471806657,0.03413642570376396
J141152+354556,26061,212.97077593058145,35.765665022356956,0.034027099609375,212.96772534039258,35.73727471806657,0.03413642570376396
J101305+351655,26124,153.27424427789197,35.28200683678367,0.03809355944395065,153.2790869256842,35.31296664662332,0.03788866102695465
J101305+351655,26124,153.27424427789197,35.28200683678367,0.03809355944395065,153.2790869256842,35.31296664662332,0.03788866102695465
J113716+391702,26154,174.3187529373683,39.284151937707044,0.030628176406025887,174.3163248276947,39.26880141472582,0.031187066808342934
J113716+391702,26154,174.3187529373683,39.284151937707044,0.030628176406025887,174.3163248276947,39.26880141472582,0.031187066808342934
J145528+325024,26211,223.86742343325415,32.84000768841242,0.060160912573337555,223.88200808618416,32.829843777620724,0.059932682663202286
J094341+331605,26279,145.92380761016022,33.268200308132286,0.08522278070449829,145.94495654888348,33.260749505948205,0.0855947732925415
J101330+354309,26289,153.37604728739376,35.71931736145231,0.03983941674232483,153.46711374417373,35.73485569124975,0.038542378693819046
J125055+401112,26487,192.73270909585725,40.186733572830775,0.02578522078692913,192.76555605728473,40.184207306590444,0.025580979883670807
J125055+401112,26487,192.73270909585725,40.186733572830775,0.02578522078692913,192.76555605728473,40.184207306590444,0.025580979883670807
J125048+401812,26488,192.70042318457166,40.30357093293437,0.016132423654198647,192.71372896473406,40.54370819061438,0.01634611003100872
J104439+383319,26577,161.16611891928062,38.55532007791703,0.03288203477859497,161.17958092518393,38.61836869916171,0.03301287442445755
J112355+401031,26588,170.98037089830137,40.175400355628945,0.0657578855752945,170.9804404796862,40.193608144316364,0.06525010615587234
J143450+354911,26642,218.70909047156903,35.81994938887643,0.04374318569898605,218.73086394574534,35.80290798468605,0.04457131773233414
J143450+354911,26642,218.70909047156903,35.81994938887643,0.04374318569898605,218.73086394574534,35.80290798468605,0.04457131773233414
J141353+475342,27699,213.47417098590887,47.895264150216384,0.07015255838632584,213.50923408724046,47.897848340418726,0.07119022309780121
J154215+381945,27716,235.56299805711035,38.329355329127196,0.06516609340906143,235.58228349706258,38.34889969071906,0.06426721811294556
J154215+381945,27716,235.56299805711035,38.329355329127196,0.06516609340906143,235.58228349706258,38.34889969071906,0.06426721811294556
J131330+511622,27750,198.37840325198363,51.27303510956172,0.05628080666065216,198.40094894021644,51.233360285842856,0.056312303990125656
J151142+435813,27896,227.92844761165057,43.9704994458028,0.02757764607667923,228.00969689274348,43.98936762979936,0.027459029108285904
J151824+324433,28186,229.60193941172724,32.742623511834736,0.03004612773656845,229.6370726155763,32.72287981091483,0.030169671401381493
J151824+324433,28186,229.60193941172724,32.742623511834736,0.03004612773656845,229.6370726155763,32.72287981091483,0.030169671401381493
J135520+400305,28247,208.77817935886432,40.080381194323955,0.03588660806417465,208.83577435039615,40.05164150180255,0.035868655890226364
J152946+322621,28339,232.4456333018327,32.43936176213913,0.030913125723600388,232.47448137571075,32.444005794681026,0.030871961265802383
J152946+322621,28339,232.4456333018327,32.43936176213913,0.030913125723600388,232.47448137571075,32.444005794681026,0.030871961265802383
J155611+314544,28439,239.04740406845335,31.76248442810891,0.03234870731830597,239.12703851796581,31.705421310079927,0.032010458409786224
J160430+302201,28443,241.12530034661393,30.367052667521346,0.056331537663936615,241.15612867251946,30.381478554910178,0.0557185560464859
J161315+302838,28538,243.2593316553404,30.487208128024644,0.04893174394965172,243.31631675401556,30.47741870969463,0.04891091585159302
J161426+301646,28539,243.6115096791558,30.279550871829084,0.053788818418979645,243.64585984227165,30.295725037205877,0.054985467344522476
J151957+322406,28619,229.98900146162245,32.401906327522134,0.062040794640779495,229.97488457685623,32.37963643441913,0.06178487837314606
J152712+382416,28723,231.80038524902284,38.40449148899572,0.06542278826236725,231.79353659224392,38.36115008942072,0.06517055630683899
J152712+382416,28723,231.80038524902284,38.40449148899572,0.06542278826236725,231.79353659224392,38.36115008942072,0.06517055630683899
J161537+311916,28742,243.90738591767416,31.32131741555624,0.022197719663381577,243.98369423586416,31.40679128531956,0.022563386708498
J153538+380508,28746,233.87722559799636,38.129310847789405,0.0320260189473629,233.9100089600633,38.08563750393315,0.032073743641376495
J154424+370159,28749,236.10022544768276,37.03327483988719,0.0688270553946495,236.08421578565827,36.99425469972705,0.06859973073005676
J150243+431628,28817,225.6803083374732,43.27462034410024,0.04059271514415741,225.6765114255947,43.24241911725173,0.040857747197151184
J153446+394943,28833,233.65281643113894,39.87103240101245,0.06546240299940109,233.69564484534732,39.828694854635266,0.06534752249717712
J154340+393225,28870,235.9204766799774,39.54035730319984,0.06347113102674484,235.907030093525,39.49174973514122,0.06393694132566452
J153630+411029,28898,234.1276685227799,41.174733919952885,0.05473851412534714,234.17940543696636,41.17610594986279,0.055236704647541046
J150119+313132,29741,225.32947983036027,31.525655043832668,0.0801219567656517,225.3239922539826,31.49533388027439,0.08047475665807724
J134819+362922,30037,207.07952222099675,36.48965391834155,0.024971643462777138,207.17715736453883,36.514404524608175,0.023537710309028625
J135825+354902,30040,209.60630845410282,35.81749507739416,0.027007026597857475,209.7590055934249,35.88850263350368,0.027110019698739052
J145436+303704,30138,223.65203241819341,30.617980326105357,0.05116797983646393,223.73859701355684,30.638675626720353,0.050928808748722076
J142845+330643,30171,217.18757689994428,33.111968850662784,0.028906485065817833,217.24667252034078,33.16840998678612,0.02907877415418625
J141651+324810,30287,214.21352585676334,32.80289699546251,0.022315751761198044,214.3111916474692,32.815498836567954,0.022067980840802193
J140308+345840,30361,210.78693908942222,34.97785929103763,0.02552509680390358,210.82306682800117,34.956451594549144,0.026457540690898895
J081737+520236,30722,124.4065759986941,52.04353504652495,0.023553509265184402,124.46092267155909,52.16175969712757,0.02353658527135849
J095036+642917,30740,147.65031369494125,64.48820440011976,0.010257093235850334,147.1990003738276,64.16702093776678,0.010043639689683914
J074915+462502,30795,117.31356414947254,46.41724896192297,0.03808553144335747,117.29149996811081,46.46190444686457,0.03822982311248779
J074915+462502,30795,117.31356414947254,46.41724896192297,0.03808553144335747,117.29149996811081,46.46190444686457,0.03822982311248779
J075914+492146,30798,119.80917898557934,49.362814812184965,0.05678130313754082,119.83198610538898,49.34704045270488,0.05699889734387398
J074401+452736,30836,116.00443196462454,45.460049886114945,0.05345604941248894,116.00895409415807,45.50572993351162,0.05380036681890488
J082037+523106,31079,125.15699561582522,52.518410167988485,0.017431288957595825,125.02976901117438,52.51058673825426,0.01722594164311886
J084442+573532,31118,131.17680055639818,57.59229971175918,0.041979722678661346,131.19386623249272,57.633280786344486,0.04187852144241333
J084442+573532,31118,131.17680055639818,57.59229971175918,0.041979722678661346,131.19386623249272,57.633280786344486,0.04187852144241333
J083725+565824,31154,129.35726160495207,56.97352452005056,0.04603588208556175,129.39327827211844,56.9689471002895,0.04630430415272713
J083725+565824,31154,129.35726160495207,56.97352452005056,0.04603588208556175,129.39327827211844,56.9689471002895,0.04630430415272713
J073340+414106,31164,113.41729702487734,41.68526765175837,0.04077468812465668,113.46351693055982,41.687046714053096,0.04042104631662369
J074101+441741,31172,115.25778641369887,44.29492701643733,0.06602247804403305,115.2416006078776,44.32824235678889,0.06581117957830429
J001657-004147,31331,4.241547780070359,-0.6965584230585423,0.08559808135032654,4.251213849947163,-0.6838346365324336,0.08591223508119583
J235215+000610,31485,358.0659884522684,0.10294439338577573,0.022947845980525017,358.0560549645925,0.08525831742960868,0.021815063431859016
J074727+475157,31637,116.86333938033016,47.866070091499935,0.05090911686420441,116.89288261284679,47.89123106388605,0.050792232155799866
J082323+564643,31658,125.84708727393598,56.77877906419535,0.042082615196704865,125.89066271781505,56.79580486306976,0.04329043999314308
J081350+541534,31858,123.46058805284184,54.25960988887166,0.06996753066778183,123.43271593716887,54.30028870617957,0.06981003284454346
J074835+493257,31914,117.14751692270818,49.549386741443335,0.020991722121834755,117.38153267311579,49.49298306221765,0.021454613655805588
J082034+592943,32025,125.14374358718169,59.495536733630075,0.0780031606554985,125.08988815401425,59.51222107831192,0.0785393938422203
J082034+592943,32025,125.14374358718169,59.495536733630075,0.0780031606554985,125.08988815401425,59.51222107831192,0.0785393938422203
J083608+620231,32027,129.03714485673726,62.04210809706714,0.01767001673579216,128.97926787353828,62.074223205422996,0.01766158454120159
J083608+620231,32027,129.03714485673726,62.04210809706714,0.01767001673579216,128.97926787353828,62.074223205422996,0.01766158454120159
J092942+302051,32054,142.42772352711467,30.34772315182491,0.024768272414803505,142.47367325626146,30.242724645991007,0.025554468855261803
J130111+404242,32825,195.2972503724829,40.711668299087464,0.06834244728088379,195.3023056038304,40.744589742982924,0.06825367361307144
J102130+350107,33031,155.37878671063177,35.01879120751134,0.03455765172839165,155.46263462739694,35.06932136760514,0.03475210443139076
J101031+351419,33154,152.632665408872,35.238618099160604,0.038479533046483994,152.63242141098647,35.25985485400035,0.0385294035077095
J115603+394345,33182,179.0156133836092,39.72934815783129,0.020646262913942337,179.14791152848366,39.6855434069576,0.020613588392734528
J103639+372825,33221,159.163948682865,37.47374239773727,0.023050297051668167,159.27280219677584,37.477158884414344,0.02324785850942135
J122749+362057,33313,186.95682998208116,36.34921250582109,0.03376135602593422,186.9665751965186,36.36438184380521,0.03389716520905495
J122749+362057,33313,186.95682998208116,36.34921250582109,0.03376135602593422,186.9665751965186,36.36438184380521,0.03389716520905495
J124654+361459,33319,191.72779230832236,36.24997402339324,0.04125232249498367,191.75449366558362,36.28830297704077,0.04146924242377281
J133241+361655,33391,203.1731834368424,36.282083730162135,0.057923756539821625,203.20201687505858,36.25551867027584,0.05776030570268631
J133241+361655,33391,203.1731834368424,36.282083730162135,0.057923756539821625,203.20201687505858,36.25551867027584,0.05776030570268631
J133051+370257,33425,202.71265019333035,37.04932931539184,0.062363941222429276,202.6834915611134,37.07141257991734,0.062062766402959824
J114211+360533,33465,175.54824233510155,36.09259782974079,0.03853480890393257,175.54409304510546,36.09542718865026,0.038628026843070984
J125706+361124,33479,194.2761933283999,36.1902543913124,0.034689486026763916,194.35582767688726,36.09658622729784,0.03532862290740013
J111351+364143,33553,168.46255043075524,36.69552772429288,0.034571245312690735,168.50956554229413,36.69493402209169,0.03470388054847717
J111351+364143,33553,168.46255043075524,36.69552772429288,0.034571245312690735,168.50956554229413,36.69493402209169,0.03470388054847717
J135142+350249,33812,207.92656957806162,35.04705021393377,0.024516096338629723,207.9875037442976,35.0608313963861,0.024885931983590126
J094053+314441,33847,145.2224407646601,31.744734337530712,0.02271227166056633,145.06082932124536,31.66655283757065,0.022246431559324265
J100845+310632,33885,152.18957545995357,31.10904000327601,0.050118107348680496,152.2714812701569,31.073659755878964,0.0507475882768631
J082854+351238,33892,127.22602394555511,35.21064448507376,0.04375758394598961,127.22779805970984,35.18170992043641,0.04370192438364029
J094607+325045,33905,146.5298264292961,32.84584205945089,0.036959681659936905,146.53516830276283,32.897270267974925,0.0367991179227829
J092127+344822,33944,140.36352558173095,34.80630523355885,0.025022568181157112,140.44746986510683,34.8033865369818,0.0245125200599432
J133109+324653,34236,202.78766715286136,32.78157582507813,0.024587450549006462,202.8748967929607,32.88287722181556,0.024486854672431946
J111923+333656,34241,169.8497975627439,33.61581327316773,0.03685278818011284,169.87602083797205,33.62317652805581,0.03705425187945366
J111923+333656,34241,169.8497975627439,33.61581327316773,0.03685278818011284,169.87602083797205,33.62317652805581,0.03705425187945366
J112546+334822,34243,171.4450874250957,33.80621786688824,0.03417153283953667,171.48997664334158,33.76871616378832,0.03463301807641983
J112432+343204,34320,171.13561664283802,34.53448862563581,0.04175996035337448,171.14018311932205,34.530148422255984,0.04157203063368797
J131142+343340,34344,197.9271338932271,34.56117696041945,0.0175970159471035,197.95624294969588,34.595734828924,0.017280323430895805
J131142+343340,34344,197.9271338932271,34.56117696041945,0.0175970159471035,197.95624294969588,34.595734828924,0.017280323430895805
J140520+322821,34351,211.33725422121955,32.47271904535668,0.06334267556667328,211.35997650846735,32.42020397361364,0.06324569135904312
J112903+353528,34403,172.26350864827123,35.59135587519863,0.03494865447282791,172.32220186934188,35.57731650927724,0.03456791490316391
J122346+360910,34414,185.94409258003813,36.152791620211076,0.03332424536347389,186.0044425427956,36.15588676251679,0.033403098583221436
J123143+361233,34416,187.9323759876507,36.20933291487161,0.03333039954304695,187.940810122588,36.19548417988343,0.033570460975170135
J095919+301042,34538,149.8328156272549,30.17847384541895,0.046371445059776306,149.84667703757836,30.19003632040899,0.04647619277238846
J115419+334602,34838,178.58261348159073,33.76726360157771,0.048020754009485245,178.60568493424816,33.769045239896734,0.04795224964618683
J132635+324539,34862,201.6494224977393,32.760894882832034,0.024515176191926003,201.74941405003517,32.70633969397267,0.024236910045146942
J124947+340710,34916,192.44962097127046,34.11956321750658,0.04287164285778999,192.4657383805104,34.13552660385655,0.04240502789616585
J124947+340710,34916,192.44962097127046,34.11956321750658,0.04287164285778999,192.4657383805104,34.13552660385655,0.04240502789616585
J130412+334318,34920,196.05312047117135,33.72192188550797,0.03346990793943405,196.13801397453437,33.70239051356089,0.03342578187584877
J131525+332730,34925,198.8575155838706,33.458460312691074,0.03734399005770683,198.88473617529638,33.52527496136887,0.03658153489232063
J115928+345336,35106,179.86944460121816,34.8934548833707,0.032836321741342545,179.9632258845988,34.90575492790362,0.03246218338608742
J135329+324855,35131,208.37281265757616,32.81547023043978,0.03518730774521828,208.46534462090233,32.80058604588242,0.035514410585165024
J140442+330332,35300,211.17725585667182,33.058990585734314,0.05222748592495918,211.19364973468564,33.08752085989824,0.05211378633975983
J135101+303855,35393,207.75526037518108,30.64872283059421,0.04656943306326866,207.69329110854005,30.616715498853562,0.04607906565070152
J135447+310625,35426,208.69631858246794,31.107092662113434,0.04361501336097717,208.74916525835243,31.040121108144657,0.04226488992571831
J131803+304143,35477,199.51641155329563,30.6955524207011,0.03716341778635979,199.566410930906,30.720502016365547,0.03705394268035889
J123830+315303,35516,189.62793720002088,31.884242984924455,0.01434898842126131,189.7018706749427,32.09489923035497,0.014217079617083073
J122118+324239,35584,185.32589338875528,32.71106767807311,0.02296828292310238,185.31952303077486,32.7820698632224,0.022833365947008133
J123604+333620,35653,189.01689986604532,33.60562916193968,0.04351343214511871,189.02254191574468,33.61981731352514,0.044172920286655426
J123604+333620,35653,189.01689986604532,33.60562916193968,0.04351343214511871,189.02254191574468,33.61981731352514,0.044172920286655426
J130833+330441,35656,197.14125274789237,33.078121108261186,0.02670387178659439,197.21191606972502,33.02294245257204,0.026780150830745697
J133947+300725,35775,204.94725928343263,30.12382193984633,0.03372255712747574,204.97478314566013,30.112837173106566,0.03470125421881676
J110311+303713,35800,165.7969312903033,30.620476679121776,0.03309435024857521,165.9110011109253,30.658430465117558,0.03417697921395302
J115502+320428,35811,178.758810543622,32.07466066888791,0.031038185581564903,178.7570840892771,32.093508923377264,0.03101545386016369
J115502+320428,35811,178.758810543622,32.07466066888791,0.031038185581564903,178.7570840892771,32.093508923377264,0.03101545386016369
J125303+321936,35884,193.26530128933302,32.326767130900805,0.021840594708919525,193.24180898931115,32.412295356934436,0.022638939321041107
J111816+321037,35929,169.56985992170308,32.17695045650279,0.03319380804896355,169.63829561932153,32.17202193205448,0.03338323161005974
J125344+324215,35952,193.43337731849175,32.70433417324708,0.023066949099302292,193.49639816577962,32.655085327797515,0.023168746381998062
J132325+320611,35958,200.856540409514,32.10318712886509,0.01585756242275238,200.83388068740578,32.06348692220154,0.01672368124127388
J162556+413119,36117,246.4872579056065,41.522083985709905,0.04271838814020157,246.47299116768897,41.5412071232226,0.04227408021688461
J162341+510000,36134,245.92250474405103,51.000142128632646,0.019400130957365036,245.8265913372434,51.02717923246047,0.020242448896169662
J110817+311128,36249,167.07498714829802,31.191115580424068,0.035133399069309235,167.12849476845435,31.17381947950412,0.034801460802555084
J110257+312333,36278,165.73966522225214,31.392714889511257,0.0461302325129509,165.76585915647433,31.366945489946836,0.04603162407875061
J110257+312333,36278,165.73966522225214,31.392714889511257,0.0461302325129509,165.76585915647433,31.366945489946836,0.04603162407875061
J011115-002721,38398,17.81573601158742,-0.45596160049575224,0.01771165430545807,17.959493608763196,-0.6197744551291514,0.018928293138742447
J113714+300927,39154,174.31166173267053,30.157548262024388,0.03293474391102791,174.30184632590579,30.128247463140525,0.032159850001335144
J113714+300927,39154,174.31166173267053,30.157548262024388,0.03293474391102791,174.30184632590579,30.128247463140525,0.032159850001335144
J120750+305302,39206,181.9604329647256,30.883993886619407,0.023466257378458977,182.04786184221268,30.753300754339023,0.023459993302822113
J122328+305904,39214,185.86847975763368,30.984463169344863,0.028460588306188583,185.78292354937275,31.051200683821108,0.02824566885828972
J121834+301337,39499,184.64432447507122,30.227145941429452,0.04691772535443306,184.71772950555214,30.227267495794713,0.04727241024374962
J113553+304103,39588,173.97110543824095,30.68435641310599,0.04576067626476288,173.9881025366611,30.73664749381128,0.04507344216108322
J110521-005004,820,166.42108195399766,-0.8761660055075433,0.033310938626527786,166.33951543086658,-0.8346262991434388,0.033736854791641235
J033546-055246,1785,53.97932317673673,-5.953768045506814,0.037671808153390884,53.942796448804394,-5.879547315370955,0.037581391632556915
J033726-053210,1797,54.51727472526709,-5.352543769203785,0.013407506048679352,54.36017135153174,-5.536355627426705,0.01338102761656046
J085909+544137,2804,134.79117398695445,54.62997776187226,0.04743729531764984,134.787699774054,54.6937612973668,0.0474393405020237
J101157+595216,3023,152.8265334634833,60.01269075613265,0.02216716669499874,152.99084892771492,59.871112399815495,0.022164467722177505
J075623+410424,3110,119.17875223988383,41.00377384033038,0.04169444367289543,119.09940514499813,41.07333711200262,0.04025533050298691
J095651+600512,3131,149.25254863252206,59.968959847542216,0.030999261885881424,149.2129698827293,60.08673934902614,0.03061695769429207
J135638+625954,3140,208.9882405958312,62.95861328405918,0.04422220587730408,209.16094966114582,62.998403668856625,0.044293735176324844
J074423+402037,3482,116.16140144909369,40.36635958000941,0.019823627546429634,116.09848028962048,40.34371780613488,0.01955896057188511
J075133+425457,3486,117.9794387496654,42.85552813991196,0.031789470463991165,117.89090829393973,42.91593417167673,0.032094985246658325
J082907+520155,3498,127.48444428634244,51.9734608861376,0.01742277666926384,127.27980472867935,52.032039738330965,0.017666133120656013
J085151+554151,3505,132.8748867985012,55.59328809966473,0.03076719492673874,132.9651120083789,55.69763458283977,0.0317373052239418
J091644+594628,3638,138.69071200735675,59.7263337222334,0.013836349360644817,139.1833918184726,59.774721448037816,0.013774177990853786
J153212+584609,4099,232.94283001841723,58.746332916337074,0.05863521620631218,233.05119422512848,58.7691748214193,0.05902395769953728
J155823+545552,4103,239.5928190901302,54.84340676743864,0.03784409537911415,239.59993418875553,54.93116585212781,0.0380534864962101
J170457+380110,4221,256.13465890029636,37.96483001673942,0.031961604952812195,256.2388163846845,38.01964447602561,0.032410819083452225
J082336+444153,6951,125.82485829287346,44.72844873762994,0.054482825100421906,125.90416614177326,44.69819569563995,0.05464896559715271
J092948+554642,7055,142.48475675483309,55.65489525261752,0.02540796995162964,142.45041227892196,55.77851897004609,0.025701958686113358
J103729+600011,7103,159.24779490045057,60.015796061229786,0.028193896636366844,159.37333626594568,60.003232700094934,0.02815042808651924
J093736+544626,7531,144.3861368465072,54.74325425007577,0.07391604036092758,144.4034066991201,54.773959632980144,0.07412116229534149
J080712+395150,7658,122.05201979795314,39.660391744665446,0.012921401299536228,121.80174874757581,39.863945230931385,0.013283531181514263
J082841+464051,7740,127.11103142442082,46.63023780357951,0.05090411379933357,127.17185901997131,46.680842969163926,0.05076949670910835
J082351+421319,8684,125.92718331454574,42.13445344935624,0.03742260858416557,125.96630446796229,42.22208845075388,0.037565022706985474
J083516+442953,8689,128.8203729393756,44.39308771126487,0.03806238994002342,128.8182458862905,44.49821496307434,0.0380152091383934
J083605+444337,8690,129.1394251616488,44.71860102871505,0.03783329948782921,129.02359253909708,44.72719639016474,0.03776751086115837
J111248+575959,9527,168.18477781401083,58.113371188345575,0.03205908089876175,168.20229590466425,57.99990160615877,0.03223744034767151
J154308+531446,10152,235.69346268287674,53.31824230449932,0.04144973307847977,235.78501750313185,53.24622830859996,0.041771259158849716
J145158+580000,10602,222.9830405394908,58.05243125705127,0.06100848317146301,222.99513374537327,58.000098151998735,0.06103983521461487
J162859+413918,10635,247.13033864345147,41.62023623859456,0.033087387681007385,247.24767954955502,41.655153805827695,0.03181594982743263
J164104+391953,10665,250.31305608284816,39.2900752257183,0.030542297288775444,250.26802192075075,39.33155264148922,0.02973724715411663
J131452+603936,10705,198.6270105286775,60.64259944864486,0.07105353474617004,198.71885638015436,60.66026824228245,0.07125452160835266
J155539+495646,10934,238.9706219108039,49.98748251736244,0.042326148599386215,238.913911864201,49.94618473056446,0.0421597883105278
J134613-032305,11188,206.5924047242761,-3.4182888820976283,0.02389531023800373,206.55511140142949,-3.384870139935919,0.02271251007914543
J152222-012805,11487,230.5472323376993,-1.4335977649353258,0.028106646612286568,230.59474308983988,-1.4681067487791437,0.027003994211554527
J171513+312322,11641,258.8923439575664,31.52962992890385,0.022929446771740913,258.8078782431737,31.389471884562994,0.0239571463316679
J122320+545255,13594,185.81129484780072,54.9679283973154,0.03358950465917587,185.83591597985895,54.88199696981318,0.033766139298677444
J102327+522358,13695,155.75088610705913,52.45179531154905,0.046202853322029114,155.86564377407527,52.39955963055742,0.045164771378040314
J113538+553158,13718,173.83931594661055,55.59346466988695,0.020325060933828354,173.9094569889063,55.53293630817903,0.020521221682429314
J114925+555843,13726,177.23920105098293,55.97125531415022,0.04926145449280739,177.35685942487436,55.97872308850693,0.04954248666763306
J083104+391302,13751,127.85165043064762,39.18454785628508,0.030148176476359367,127.76841717102627,39.21734514137746,0.030040254816412926
J075505+324343,13812,118.58497322923029,32.774634625595205,0.017741462215781212,118.77439228532401,32.72865782048853,0.017843272536993027
J120242+562238,14041,180.55848479007153,56.39943582868017,0.01938091591000557,180.67516614214856,56.37736302432959,0.019205806776881218
J094639+452607,14341,146.97902041694908,45.468462835312536,0.015331191010773182,146.66281815476523,45.43550315998245,0.016146764159202576
J115838+520340,14369,179.63986627417282,52.11692935097157,0.0686793327331543,179.66091884762255,52.06128791091149,0.06877106428146362
J085134+390749,14481,132.8748422958065,39.23199466237914,0.029104478657245636,132.89267979515242,39.13046362329108,0.029506860300898552
J114405+525128,14516,175.82223032576758,52.760747438617955,0.018437538295984268,176.02276227020232,52.85801741542805,0.019085712730884552
J100150+443425,15109,150.46793735755867,44.47742007408504,0.03313780203461647,150.45879823815926,44.573735870000995,0.03307252377271652
J123610+484916,15337,188.9233530975378,48.90965740573295,0.02845553681254387,189.04512729318452,48.82116989932742,0.02879847027361393
J125625+491524,15424,194.07382326798896,49.13248399531128,0.030743394047021866,194.10818995793912,49.25679428693708,0.030144378542900085
J101553+463730,15659,154.05251419721336,46.47576814537459,0.024090372025966644,153.97184805290232,46.625195049433785,0.0255328007042408
J103316+474400,15670,158.50777523005888,47.711151215596324,0.026051482185721397,158.31959540743094,47.73360255920483,0.026121746748685837
J130844+500203,15699,197.11904607118515,50.00339546944714,0.04786135256290436,197.18576502439566,50.034293452522085,0.047407954931259155
J121411+510850,15752,183.53265548436207,51.23036787217689,0.027174033224582672,183.54864962409928,51.14746082293484,0.02689451538026333
J111208+482234,17245,167.9879628777543,48.44720689028118,0.02623225376009941,168.0372528598781,48.37622249987035,0.026366082951426506
J120659+502707,17308,181.51003570916626,50.41595428589766,0.023470114916563034,181.74664793232876,50.45211276033848,0.023305293172597885
J130908+535637,17486,197.15660803122952,54.07443388170436,0.008212068118155003,197.28646490347765,53.94362530790036,0.008350931107997894
J131115+532254,17676,197.69138483469848,53.34008249340585,0.029084257781505585,197.81380810566984,53.38181391666456,0.029926475137472153
J151449+461105,17809,228.7670856867622,46.13282932178563,0.03694674372673035,228.7058353152941,46.184868759015465,0.036802370101213455
J154711+420323,17874,236.83854320705706,42.10384487080589,0.03312192112207413,236.79590319833738,42.056538008311485,0.03340458869934082
J145348+543025,18552,223.55073324191818,54.50682413580415,0.03801997750997543,223.45268938278463,54.50698999666667,0.03666965290904045
J095659+404313,18804,149.17609629305926,40.65848101648554,0.042736250907182693,149.24918447827324,40.72033814505552,0.04338609799742699
J092330+382357,18880,140.95709170358356,38.31506118991152,0.02793455868959427,140.87591772393372,38.399285940609445,0.027327170595526695
J113527+464046,19420,173.7813077200949,46.770318575142795,0.03230629116296768,173.86559822058604,46.67965336907719,0.03380027040839195
J105824+462622,19510,164.54439071015966,46.39316351448844,0.039407990872859955,164.6007895139649,46.439532971587866,0.039679475128650665
J112735+472246,19517,171.97881503775423,47.39614933262978,0.0326835997402668,171.89796955573578,47.37945875128365,0.032730333507061005
J111913+473721,19540,169.7052361145307,47.65169325119282,0.03396771475672722,169.8074597681977,47.622763094910916,0.03384750336408615
J083533+303203,19869,128.9704564512454,30.425685608024075,0.02521240897476673,128.8877148810082,30.53427664846107,0.025502411648631096
J091031+343333,20007,137.64123279639503,34.43426864920688,0.027081258594989777,137.63202717631867,34.55920410771067,0.027161339297890663
J150339+420734,21205,225.85408832751415,42.057571982542505,0.016802294179797173,225.91548882048642,42.12631674524684,0.017311936244368553
J110809+451249,21335,166.92491680570993,45.20382204623402,0.021026484668254852,167.0399917012047,45.213859719434794,0.020500121638178825
J111347+453223,21340,168.480339271896,45.48841555908516,0.029301980510354042,168.4474760404969,45.53992361790617,0.02908678539097309
J115212+465329,21369,177.94841548931737,46.87305511386334,0.018937069922685623,178.05153058509504,46.89142638750721,0.019126011058688164
J121212+470258,21376,183.01368463819585,47.10310504620764,0.03222518414258957,183.05316390662762,47.04944813825433,0.03154057264328003
J110210+455337,21407,165.44755450880436,45.87378729977311,0.021917037665843964,165.5443561631161,45.893845916978044,0.02262592688202858
J112453+473936,21473,171.14883186099303,47.614019752463385,0.03339635953307152,171.22498365443403,47.66002381413277,0.033453457057476044
J125023+465901,21534,192.56368567032507,47.026122521367576,0.05340167135000229,192.59873099719914,46.98362216598142,0.05332470312714577
J104509+384252,21663,161.21518274458953,38.75596741661408,0.033281389623880386,161.29097382314018,38.714508357467174,0.03240125998854637
J100140+370740,21740,150.29115880183966,37.10535643623417,0.021770402789115906,150.42027514611775,37.12792799423472,0.020172765478491783
J134602+554255,22265,206.4462209629358,55.75713317285751,0.03977123275399208,206.51158364290643,55.71547470028074,0.039984460920095444
J114749+434453,23172,176.85875527413802,43.758624878999946,0.024744722992181778,176.9551744089929,43.74820661833443,0.025231918320059776
J095120+382747,23298,147.8399314013206,38.33116339288768,0.02724701352417469,147.8344902354858,38.463083636479695,0.02733859419822693
J145205+381059,23368,222.89823046506467,38.229082894254695,0.03183561563491821,223.02389632254733,38.18313191120099,0.032449871301651
J101427+405642,23397,153.74496615377996,40.863497647915295,0.023634130135178566,153.61277717970552,40.945044679652334,0.022950872778892517
J131201+443549,23438,197.8928884606351,44.513284238335224,0.02891254611313343,198.0046270654501,44.59712979649599,0.028648806735873222
J125822+451622,23524,194.52182659915883,45.28887806097603,0.02699529565870762,194.59536885792133,45.272793630931886,0.02733582817018032
J134506+434810,23536,206.2888214406707,43.72685757537665,0.037813469767570496,206.27702012586033,43.80299358760654,0.037564683705568314
J133047+425707,23719,202.75168939678082,42.83680530421008,0.027411004528403282,202.69606600632807,42.9519622384018,0.02756315842270851
J140753+412044,23783,211.94444420966414,41.28384114952557,0.030240872874855995,211.97175838173175,41.3456313314513,0.02998931147158146
J104923+431827,23878,162.2942305317771,43.34609162561938,0.02612759917974472,162.34875934636307,43.307539669646765,0.026010826230049133
J151157+364706,23931,227.95473522869355,36.85204544558544,0.04452045261859894,227.99055915970604,36.78503146928499,0.04477677866816521
J134627+503838,24592,206.6197145857476,50.493424703480144,0.015061047859489918,206.61478637374506,50.644074322846244,0.014863323420286179
J124411+414005,24704,190.8799820838178,41.522748469321364,0.0167361069470644,191.04690828401152,41.66822540551004,0.01698010228574276
J120714+423538,24777,181.786537238064,42.58679313072648,0.07175386697053909,181.8100471672899,42.594071024892614,0.07236700505018234
J115857+431631,24849,179.7153041475013,43.22394809656895,0.03158269822597504,179.7388616030828,43.275426912176094,0.031041184440255165
J135702+391143,25450,209.24423064598676,39.26771500807927,0.05521863326430321,209.26104040996114,39.19530544450576,0.054726842790842056
J143122+373348,25525,217.75060286233668,37.45105169980671,0.02746760845184326,217.84578720599484,37.563452864217005,0.027487415820360184
J142458+352116,26201,216.2883070620992,35.421151619431704,0.028938960283994675,216.24293472520625,35.354544905305204,0.028896503150463104
J100018+344901,26284,150.12627540268048,34.748021925729375,0.03892074525356293,150.07885294133933,34.81706820316918,0.03899088874459267
J120558+395135,26327,181.44293801981655,40.03610543039302,0.021112142130732536,181.49257818985853,39.8597599682276,0.02097330614924431
J150804+424908,27711,227.06961060195772,42.916384722727784,0.018285823985934258,227.01682861816704,42.81915691787557,0.01801145076751709
J125530+520337,27810,193.83437312466245,52.12184176263252,0.03792665898799896,193.87719521201763,52.06049362654216,0.037693724036216736
J131037+514242,27812,197.65312643376052,51.77489502952992,0.05529290810227394,197.656495035334,51.711678224198835,0.05530432239174843
J152449+421021,27843,231.04269522829725,42.06871249095386,0.01875961944460869,231.2053140900914,42.17258512029833,0.018649809062480927
J151202+435921,27896,227.92844761165057,43.9704994458028,0.02757764607667923,228.00969689274348,43.98936762979936,0.027459029108285904
J153423+295110,28087,233.52044764084627,29.90688284434348,0.036502938717603683,233.5984670315185,29.852935549314225,0.036562785506248474
J143925+363249,28171,219.8638395724528,36.619081508860496,0.052584387362003326,219.8565840875878,36.54717967479933,0.052214737981557846
J161556+312424,28742,243.90738591767416,31.32131741555624,0.022197719663381577,243.98369423586416,31.40679128531956,0.022563386708498
J155140+303629,29356,237.8965103726623,30.662470756514423,0.03132215142250061,237.919206042773,30.60820123834404,0.032245393842458725
J134842+363051,30037,207.07952222099675,36.48965391834155,0.024971643462777138,207.17715736453883,36.514404524608175,0.023537710309028625
J135902+355318,30040,209.60630845410282,35.81749507739416,0.027007026597857475,209.7590055934249,35.88850263350368,0.027110019698739052
J081750+520942,30722,124.4065759986941,52.04353504652495,0.023553509265184402,124.46092267155909,52.16175969712757,0.02353658527135849
J094847+641001,30740,147.65031369494125,64.48820440011976,0.010257093235850334,147.1990003738276,64.16702093776678,0.010043639689683914
J074402+453020,30836,116.00443196462454,45.460049886114945,0.05345604941248894,116.00895409415807,45.50572993351162,0.05380036681890488
J235213+000506,31485,358.0659884522684,0.10294439338577573,0.022947845980525017,358.0560549645925,0.08525831742960868,0.021815063431859016
J082303+571054,31887,125.89394125584151,57.140603878753865,0.026812348514795303,125.76639250539395,57.18168353903152,0.0268425140529871
J084715+614805,31932,131.72172142883647,61.77846652133786,0.027543414384126663,131.8165845027226,61.801563887282235,0.027633704245090485
J092953+301433,32054,142.42772352711467,30.34772315182491,0.024768272414803505,142.47367325626146,30.242724645991007,0.025554468855261803
J124727+403359,32792,191.74109503657036,40.54090941785085,0.024470297619700432,191.86603273178295,40.56656730987615,0.024737777188420296
J102151+350409,33031,155.37878671063177,35.01879120751134,0.03455765172839165,155.46263462739694,35.06932136760514,0.03475210443139076
J120702+401159,33236,181.65580058277578,40.176777340024394,0.03711724281311035,181.76188523326076,40.19982376312601,0.037376854568719864
J111932+353635,33461,169.9678054285692,35.52570936084587,0.02132195048034191,169.88726540051894,35.60981888706658,0.02140766568481922
J105130+360823,33569,162.88769631204667,36.08361602488739,0.04317134618759155,162.8768346921791,36.13987268163576,0.043512530624866486
J135157+350338,33812,207.92656957806162,35.04705021393377,0.024516096338629723,207.9875037442976,35.0608313963861,0.024885931983590126
J094014+313959,33847,145.2224407646601,31.744734337530712,0.02271227166056633,145.06082932124536,31.66655283757065,0.022246431559324265
J092147+344812,33944,140.36352558173095,34.80630523355885,0.025022568181157112,140.44746986510683,34.8033865369818,0.0245125200599432
J103533+315623,34176,158.93030776404296,32.00802178246979,0.0350407250225544,158.89148912028995,31.939816314952356,0.03540229797363281
J125145+342037,34266,193.01360931522544,34.18669122976364,0.02333812788128853,192.94113483547432,34.343682927240216,0.023183343932032585
J130017+345638,34342,195.06626358790885,34.81349605968166,0.02697286196053028,195.07494474973825,34.94402859153379,0.026937639340758324
J140533+322701,34350,211.34067615851595,32.49054717300236,0.06833253055810928,211.38864878238155,32.45042306506397,0.06842649728059769
J125653+351900,34387,194.11772624856454,35.37044335875247,0.034320179373025894,194.2215279991733,35.316762665352634,0.03395159915089607
J130433+334208,34920,196.05312047117135,33.72192188550797,0.03346990793943405,196.13801397453437,33.70239051356089,0.03342578187584877
J132542+330821,34929,201.33589897024646,33.112560393211,0.024988418444991112,201.42605403249394,33.139356178706336,0.025195728987455368
J111426+340404,35094,168.73558984796654,33.992602942793205,0.02514752745628357,168.61119866320146,34.06787180479761,0.02416364476084709
J133133+341547,35227,202.7549826281074,34.15317490553716,0.02263483963906765,202.88989683911342,34.26331687660456,0.023438818752765656
J123848+320541,35516,189.62793720002088,31.884242984924455,0.01434898842126131,189.7018706749427,32.09489923035497,0.014217079617083073
J130850+330122,35656,197.14125274789237,33.078121108261186,0.02670387178659439,197.21191606972502,33.02294245257204,0.026780150830745697
J132145+311414,35832,200.50874463757918,31.278386824301393,0.024809209629893303,200.43936901446233,31.23724894487583,0.02408776804804802
J125258+322444,35884,193.26530128933302,32.326767130900805,0.021840594708919525,193.24180898931115,32.412295356934436,0.022638939321041107
J125359+323918,35952,193.43337731849175,32.70433417324708,0.023066949099302292,193.49639816577962,32.655085327797515,0.023168746381998062
J121634+332658,36002,184.04724653261303,33.442475336385115,0.022039929404854774,184.1420447072617,33.44969169929906,0.022261174395680428
J162553+413228,36117,246.4872579056065,41.522083985709905,0.04271838814020157,246.47299116768897,41.5412071232226,0.04227408021688461
J162318+510137,36134,245.92250474405103,51.000142128632646,0.019400130957365036,245.8265913372434,51.02717923246047,0.020242448896169662
J111536+302522,36203,168.80528782080307,30.464650344438585,0.027882367372512817,168.90290903020718,30.42280307759715,0.02787383645772934
J132055+301113,37140,200.15809758408778,30.17192566943911,0.03126257658004761,200.23029790339785,30.187012401417714,0.03086741827428341
J114715+293504,39434,176.78386406675963,29.623973115047285,0.022078881040215492,176.81608997762396,29.58452529927896,0.0231324452906847
J161331+513450,45403,55.989529290852715,0.4378054115513428,0.03997033089399338,55.94578715406226,0.4681643446797467,0.04007599502801895
